회사명,종목코드,업종
동화약품,000020,의약품 제조
KR모터스,000040,운송장비 제조
경방,000050,종합 소매
메리츠화재,000060,보험
삼양홀딩스,000070,기타 금융
하이트진로,000080,알코올 음료
유한양행,000100,의약품 제조
CJ대한통운,000120,도로 화물 운송
하이트진로홀딩스,000140,기타 금융
두산,000150,회사 본부 및 경영 컨설팅
성창기업지주,000180,회사 본부 및 경영 컨설팅
DL,000210,기타 금융
유유제약,000220,의약품 제조
일동홀딩스,000230,의약품 제조
한국앤컴퍼니,000240,기타 금융
삼천당제약,000250,의약품 제조
기아,000270,자동차 엔진 및 자동차 제조
대유플러스,000300,통신 장비 제조
노루홀딩스,000320,기타 금융
한화손해보험,000370,보험
삼화페인트공업,000390,화학제품
롯데손해보험,000400,보험
대원강업,000430,자동차 부품
중앙에너비스,000440,전문 도매
조선내화,000480,"내화, 비내화 요업제품 제조"
대동,000490,특수 목적용 기계 제조
가온전선,000500,케이블 제조
삼일제약,000520,의약품 제조
흥국화재,000540,보험
CS홀딩스,000590,기타 금융
동아쏘시오홀딩스,000640,기타 금융
천일고속,000650,육상 여객 운송
SK하이닉스,000660,반도체 제조
영풍,000670,1차 비철금속 제조
LS네트웍스,000680,상품 종합 도매
유수홀딩스,000700,회사 본부 및 경영 컨설팅
현대건설,000720,토목 건설
이화산업,000760,전문 도매
삼성화재해상보험,000810,보험
화천기공,000850,특수 목적용 기계 제조
강남제비스코,000860,화학제품
한화,000880,화학제품
보해양조,000890,알코올 음료
유니온,000910,"시멘트, 석회, 플라스터"
전방,000950,방적 제조
한국주철관공업,000970,1차 철강
DB하이텍,000990,반도체 제조
신라섬유,001000,가전제품 및 정보통신장비 소매
페이퍼코리아,001020,"펄프, 종이 및 판지 제조"
CJ,001040,기타 금융
JW중외제약,001060,의약품 제조
대한방직,001070,직물제품 제조
만호제강,001080,1차 철강
LX인터내셔널,001120,상품 중개
대한제분,001130,곡물가공품 제조
국보,001140,도로 화물 운송
유진증권,001200,금융 지원
금호전기,001210,조명장치
동국제강,001230,1차 철강
GS글로벌,001250,상품 종합 도매
남광토건,001260,토목 건설
부국증권,001270,금융 지원
상상인증권,001290,금융 지원
백광산업,001340,화학물질 제조
삼성제약,001360,의약품 제조
SG글로벌,001380,자동차 부품
KG케미칼,001390,화학물질 제조
태원물산,001420,자동차 부품
세아베스틸지주,001430,1차 철강
대한전선,001440,케이블 제조
현대해상,001450,보험
BYC,001460,의복 제조
삼부토건,001470,토목 건설
현대차증권,001500,금융 지원
SK증권,001510,금융 지원
동양,001520,"시멘트, 석회, 플라스터"
디아이동일,001530,상품 중개
안국약품,001540,의약품 제조
조비,001550,농업 제품 제조
제일연마,001560,비금속 광물 제조
금양,001570,화학물질 제조
케이비아이동국실업,001620,자동차 부품
종근당홀딩스,001630,의약품 제조
대상,001680,기타 식품 제조
신영증권,001720,금융 지원
SK네트웍스,001740,전문 도매
한양증권,001750,금융 지원
SHD,001770,1차 철강
알루코,001780,1차 비철금속 제조
대한제당,001790,곡물가공품 제조
오리온홀딩스,001800,기타 금융
무림SP,001810,"펄프, 종이 및 판지 제조"
삼화콘덴서공업,001820,전자부품 제조
이화공영,001840,건물 건설
DL건설,001880,건물 건설
KISCO홀딩스,001940,1차 철강
코오롱,002020,기타 금융
아세아,002030,회사 본부 및 경영 컨설팅
비비안,002070,의복 제조
경농,002100,농업 제품 제조
고려산업,002140,곡물가공품 제조
도화엔지니어링,002150,건축기술
삼양통상,002170,"가죽, 가방 제조"
한국수출포장공업,002200,종이 제품 제조
동성제약,002210,의약품 제조
한일철강,002220,1차 철강
피에스텍,002230,정밀기기 제조
고려제강,002240,1차 철강
롯데푸드,002270,유제품 및 빙과류 제조
삼일기업공사,002290,건물 건설
아세아제지,002310,종이 제품 제조
한진,002320,도로 화물 운송
넥센타이어,002350,고무제품 제조
SH에너지화학,002360,화학물질 제조
케이씨씨,002380,화학제품
한독,002390,의약품 제조
범양건영,002410,건물 건설
세기상사,002420,방송 컨텐츠 제작
삼익악기,002450,악기 제조
화성산업,002460,건물 건설
조흥,002600,기타 식품 제조
제일파마홀딩스,002620,회사 본부 및 경영 컨설팅
오리엔트바이오,002630,의약품 제조
한탑,002680,곡물가공품 제조
동일제강,002690,1차 철강
신일전자,002700,기계장비 도매
TCC스틸,002710,1차 철강
국제약품,002720,의약품 제조
보락,002760,화학제품
진흥기업,002780,토목 건설
아모레퍼시픽그룹,002790,화학제품
신신제약,002800,의약품 제조
삼영무역,002810,전문 도매
SUN&L,002820,나무제품 제조
미원상사,002840,화학제품
신풍제지,002870,"펄프, 종이 및 판지 제조"
대유에이텍,002880,자동차 부품
TYM,002900,특수 목적용 기계 제조
유성기업,002920,자동차 부품
한국쉘석유,002960,석유 정제품 제조
금호건설,002990,건물 건설
부광약품,003000,의약품 제조
혜인,003010,기계장비 도매
세아제강지주,003030,기타 금융
에이프로젠제약,003060,의약품 제조
코오롱글로벌,003070,토목 건설
성보화학,003080,농업 제품 제조
대웅,003090,기타 금융
선광,003100,운송 서비스
일성신약,003120,의약품 제조
디아이,003160,정밀기기 제조
일신방직,003200,방적 제조
대원제약,003220,의약품 제조
삼양식품,003230,기타 식품 제조
태광산업,003240,화학섬유 제조
흥아해운,003280,해상 운송
한일홀딩스,003300,"시멘트, 석회, 플라스터"
대주산업,003310,사료 제조
한국화장품제조,003350,화학제품
하림지주,003380,기타 금융
쌍용씨앤이,003410,"시멘트, 석회, 플라스터"
유화증권,003460,금융 지원
유안타증권,003470,금융 지원
한진중공업홀딩스,003480,연료용 가스 제조 및 배관
대한항공,003490,항공 여객 운송
영진약품,003520,의약품 제조
한화투자증권,003530,금융 지원
대신증권,003540,금융 지원
LG,003550,기타 금융
아이에이치큐,003560,방송 컨텐츠 제작
SNT중공업,003570,자동차 부품
HLB글로벌,003580,비금속광물
방림,003610,직물제품 제조
쌍용자동차,003620,자동차 엔진 및 자동차 제조
미창석유공업,003650,석유 정제품 제조
포스코케미칼,003670,"내화, 비내화 요업제품 제조"
한성기업,003680,수산물 가공
코리안리,003690,재보험
삼영화학공업,003720,플라스틱제품 제조
진양산업,003780,플라스틱제품 제조
에이스침대,003800,가구 제조
대한화섬,003830,화학섬유 제조
보령,003850,의약품 제조
남양유업,003920,유제품 및 빙과류 제조
사조대림,003960,수산물 가공
롯데정밀화학,004000,화학물질 제조
현대제철,004020,1차 철강
SG세계물산,004060,상품 종합 도매
신흥,004080,기계장비 도매
한국석유공업,004090,비금속 광물 제조
태양금속공업,004100,자동차 부품
동방,004140,운송 서비스
한솔홀딩스,004150,기타 금융
신세계,004170,종합 소매
엔피씨,004250,플라스틱제품 제조
남성,004270,전문 도매
현대약품,004310,의약품 제조
세방,004360,도로 화물 운송
농심,004370,기타 식품 제조
삼익THK,004380,일반 목적용 기계 제조
서울식품공업,004410,기타 식품 제조
송원산업,004430,화학제품
삼일씨엔에스,004440,"시멘트, 석회, 플라스터"
삼화왕관,004450,금속 가공
세방전지,004490,배터리 제조
깨끗한나라,004540,"펄프, 종이 및 판지 제조"
현대비앤지스틸,004560,1차 철강
한국가구,004590,생활용품 도매
창해에탄올,004650,알코올 음료
삼천리,004690,연료용 가스 제조 및 배관
조광피혁,004700,"가죽, 가방 제조"
한솔테크닉스,004710,전자부품 제조
팜젠사이언스,004720,의약품 제조
써니전자,004770,전자부품 제조
대륙제관,004780,금속 가공
효성,004800,기타 금융
덕성,004830,플라스틱제품 제조
DRB동일,004840,고무제품 제조
티웨이홀딩스,004870,"시멘트, 석회, 플라스터"
동일산업,004890,1차 철강
조광페인트,004910,화학제품
씨아이테크,004920,기타 제품 제조
한신공영,004960,건물 건설
신라교역,004970,어업
성신양회,004980,"시멘트, 석회, 플라스터"
롯데지주,004990,기타 금융
휴스틸,005010,1차 철강
부산주공,005030,자동차 부품
코스모신소재,005070,화학제품
SGC에너지,005090,전기
한창,005110,기계장비 도매
동국산업,005160,1차 철강
빙그레,005180,유제품 및 빙과류 제조
녹십자홀딩스,005250,회사 본부 및 경영 컨설팅
동진쎄미켐,005290,화학물질 제조
롯데칠성음료,005300,음료 제조
국동,005320,생활용품 도매
모나미,005360,생활용품 도매
현대자동차,005380,자동차 엔진 및 자동차 제조
신성통상,005390,전문 도매
코스모화학,005420,화학제품
한국공항,005430,운송 서비스
현대그린푸드,005440,종합 소매
POSCO홀딩스,005490,1차 철강
삼진제약,005500,의약품 제조
SPC삼립,005610,기타 식품 제조
푸드웰,005670,"과실, 채소 가공 및 저장 처리"
삼영전자공업,005680,전자부품 제조
파미셀,005690,의약물 제조
대원산업,005710,자동차 부품
넥센,005720,고무제품 제조
크라운해태홀딩스,005740,기타 금융
대림비앤코,005750,"내화, 비내화 요업제품 제조"
신영와코루,005800,의복 제조
풍산홀딩스,005810,기타 금융
원림,005820,직물제품 제조
DB손해보험,005830,보험
에스엘,005850,자동차 부품
한일사료,005860,사료 제조
휴니드테크놀러지스,005870,통신 장비 제조
대한해운,005880,해상 운송
삼성전자,005930,통신 장비 제조
NH투자증권,005940,금융 지원
이수화학,005950,화학물질 제조
동부건설,005960,토목 건설
매일홀딩스,005990,유제품 및 빙과류 제조
동원산업,006040,어업
국영지앤엠,006050,유리제품 제조
화승인더스트리,006060,플라스틱제품 제조
사조오양,006090,수산물 가공
삼아알미늄,006110,1차 비철금속 제조
SK디스커버리,006120,기타 금융
피제이전자,006140,의료기기 제조
한국전자홀딩스,006200,기타 금융
제주은행,006220,은행
LS,006260,기타 금융
녹십자,006280,의약품 제조
대원전선,006340,케이블 제조
GS건설,006360,건물 건설
대구백화점,006370,종합 소매
카프로,006380,화학물질 제조
한일현대시멘트,006390,"시멘트, 석회, 플라스터"
삼성SDI,006400,배터리 제조
인스코비,006490,전기 통신
대림통상,006570,금속 가공
대양제지,006580,"펄프, 종이 및 판지 제조"
동구바이오제약,006620,의약품 제조
대한유화,006650,화학물질 제조
삼성공조,006660,자동차 부품
서부T&D,006730,숙박시설 운영
영풍제지,006740,종이 제품 제조
미래에셋증권,006800,금융 지원
AK홀딩스,006840,기타 금융
신송홀딩스,006880,농·축산물 도매
태경케미컬,006890,화학물질 제조
보성파워텍,006910,구조용 금속제품 제조
모헨즈,006920,"시멘트, 석회, 플라스터"
우성,006980,곡물가공품 제조
GS리테일,007070,종합 소매
일신석재,007110,건축자재 도매
미래아이앤지,007120,컴퓨터 시스템 관리
사조산업,007160,어업
벽산,007210,비금속 광물 제조
한국특강,007280,1차 철강
오뚜기,007310,기타 식품 제조
푸른저축은행,007330,은행
디티알오토모티브,007340,배터리 제조
진양제약,007370,의약품 제조
네이처셀,007390,의약물 제조
에이프로젠 MED,007460,금속 가공
영신금속,007530,금속 가공
샘표,007540,기타 금융
일양약품,007570,의약품 제조
동방아그로,007590,농업 제품 제조
선도전기,007610,전기 장치 제조
이수페타시스,007660,전자부품 제조
대원,007680,건물 건설
국도화학,007690,화학물질 제조
F&F 홀딩스,007700,기타 금융
대명소노시즌,007720,상품 종합 도매
한일화학,007770,화학물질 제조
코리아써키트,007810,전자부품 제조
에스엠코어,007820,일반 목적용 기계 제조
서연,007860,기타 금융
태평양물산,007980,의복 제조
사조동아원,008040,곡물가공품 제조
대덕,008060,기타 금융
대동전자,008110,통신 장비 제조
이건산업,008250,나무제품 제조
NI스틸,008260,1차 철강
원풍물산,008290,의복 제조
남선알미늄,008350,1차 비철금속 제조
원풍,008370,플라스틱제품 제조
문배철강,008420,1차 철강
부스타,008470,구조용 금속제품 제조
서흥,008490,화학제품
일정실업,008500,편조원단 제조
메리츠증권,008560,금융 지원
윌비스,008600,생활용품 도매
아남전자,008700,영상 및 음향기기 제조
율촌화학,008730,플라스틱제품 제조
호텔신라,008770,상품 소매
대동기어,008830,특수 목적용 기계 제조
금비,008870,유리제품 제조
한미사이언스,008930,기타 금융
동양철관,008970,1차 철강
케이씨티시,009070,도로 화물 운송
경인전자,009140,전자부품 제조
삼성전기,009150,전자부품 제조
SIMPAC,009160,특수 목적용 기계 제조
한솔로지스틱스,009180,운송 서비스
대양금속,009190,1차 철강
무림페이퍼,009200,"펄프, 종이 및 판지 제조"
한샘,009240,생활용품 도매
신원,009270,의복 제조
광동제약,009290,의약품 제조
삼아제약,009300,의약품 제조
참엔지니어링,009310,특수 목적용 기계 제조
대우부품,009320,자동차 부품
태영건설,009410,토목 건설
한올바이오파마,009420,의약품 제조
KC그린홀딩스,009440,기타 금융
경동나비엔,009450,가정용 기기 제조
한창제지,009460,"펄프, 종이 및 판지 제조"
삼화전기,009470,전자부품 제조
포스코엠텍,009520,1차 철강
한국조선해양,009540,선박 건조
무림P&P,009580,"펄프, 종이 및 판지 제조"
삼보산업,009620,1차 비철금속 제조
모토닉,009680,자동차 부품
코센,009730,1차 철강
삼정펄프,009770,"펄프, 종이 및 판지 제조"
엠에스씨,009780,기타 식품 제조
플레이그램,009810,전문 도매
한화솔루션,009830,화학물질 제조
명신산업,009900,자동차 부품
영원무역홀딩스,009970,기타 금융
한국내화,010040,"내화, 비내화 요업제품 제조"
우리종금,010050,기타 금융
OCI,010060,화학물질 제조
한국프랜지공업,010100,자동차 부품
엘에스일렉트릭,010120,전기 장치 제조
고려아연,010130,1차 비철금속 제조
삼성중공업,010140,선박 건조
대한광통신,010170,케이블 제조
흥국,010240,특수 목적용 기계 제조
쌍용정보통신,010280,컴퓨터 시스템 관리
우진아이엔에스,010400,건물설비 설치
한솔피엔에스,010420,전문 도매
오리콤,010470,광고
에스엠벡셀,010580,자동차 부품
웰바이오텍,010600,상품 중개
현대미포조선,010620,선박 건조
진양폴리우레탄,010640,플라스틱제품 제조
화천기계,010660,특수 목적용 기계 제조
화신,010690,자동차 부품
평화홀딩스,010770,자동차 부품
아이에스동서,010780,"내화, 비내화 요업제품 제조"
퍼스텍,010820,무기 제조
S-Oil,010950,석유 정제품 제조
삼호개발,010960,기반조성 및 시설물 축조
진원생명과학,011000,의약품 제조
경동제약,011040,의약품 제조
LG이노텍,011070,전자부품 제조
형지I&C,011080,의복 제조
에넥스,011090,가구 제조
CJ씨푸드,011150,기타 식품 제조
롯데케미칼,011170,화학물질 제조
HMM,011200,해상 운송
현대위아,011210,자동차 부품
삼화전자공업,011230,영상 및 음향기기 제조
태림포장,011280,종이 제품 제조
성안,011300,직물제품 제조
유니크,011320,자동차 부품
유니켐,011330,"가죽, 가방 제조"
서한,011370,건물 건설
부산산업,011390,"시멘트, 석회, 플라스터"
갤럭시아에스엠,011420,스포츠
한농화성,011500,화학제품
세보엠이씨,011560,건물설비 설치
와이투솔루션,011690,반도체 제조
한신기계공업,011700,일반 목적용 기계 제조
현대코퍼레이션,011760,상품 종합 도매
금호석유화학,011780,화학물질 제조
SKC,011790,화학제품
STX,011810,상품 종합 도매
신성이엔지,011930,반도체 제조
DB,012030,컴퓨터 시스템 관리
영흥,012160,1차 철강
아센디오,012170,방송 컨텐츠 제작
계양전기,012200,일반 목적용 기계 제조
영화금속,012280,자동차 부품
경동인베스트,012320,기타 금융
현대모비스,012330,자동차 부품
뉴인텍,012340,전자부품 제조
한화에어로스페이스,012450,항공기 부품 제조
더존비즈온,012510,컴퓨터 시스템 관리
센트럴인사이트,012600,일반 목적용 기계 제조
경인양행,012610,화학물질 제조
원일특강,012620,1차 철강
HDC,012630,기타 금융
모나리자,012690,종이 및 판지 제품 제조
리드코프,012700,전문 도매
에스원,012750,경비 및 경호
신일제약,012790,의약품 제조
대창,012800,1차 비철금속 제조
모베이스전자,012860,자동차 부품
세우글로벌,013000,전문 도매
하이록코리아,013030,1차 철강
동원개발,013120,건물 건설
아진산업,013310,자동차 부품
일성건설,013360,토목 건설
화승코퍼레이션,013520,자동차 부품
디와이,013570,기타 금융
계룡건설산업,013580,토목 건설
까뮤이앤씨,013700,건물 건설
CBI,013720,자동차 부품
스페코,013810,특수 목적용 기계 제조
지엠비코리아,013870,자동차 부품
지누스,013890,가구 제조
아가방컴퍼니,013990,생활용품 도매
메디앙스,014100,화학제품
한익스프레스,014130,도로 화물 운송
대영포장,014160,종이 제품 제조
원익큐브,014190,전문 도매
광림,014200,자동차 엔진 및 자동차 제조
금강공업,014280,1차 철강
영보화학,014440,플라스틱제품 제조
부방,014470,기타 금융
극동유화,014530,석유 정제품 제조
고려제약,014570,의약품 제조
태경비케이,014580,"시멘트, 석회, 플라스터"
성광벤드,014620,1차 철강
한솔케미칼,014680,화학물질 제조
사조씨푸드,014710,수산물 가공
한라,014790,토목 건설
동원시스템즈,014820,플라스틱제품 제조
유니드,014830,화학물질 제조
성문전자,014910,전자부품 제조
오리엔탈정공,014940,일반 목적용 기계 제조
삼륭물산,014970,종이 제품 제조
인디에프,014990,의복 제조
이스타코,015020,부동산
대창단조,015230,자동차 부품
에이엔피,015260,전자부품 제조
예스코홀딩스,015360,기타 금융
쎌마테라퓨틱스,015540,사업지원 서비스
큐로,015590,일반 목적용 기계 제조
코콤,015710,통신 장비 제조
성우하이텍,015750,자동차 부품
한국전력공사,015760,전기
일진홀딩스,015860,기타 금융
태경산업,015890,화학물질 제조
대현,016090,의복 제조
리더스코스메틱,016100,화학제품
SGC이테크건설,016250,건물 건설
삼성증권,016360,금융 지원
KG스틸,016380,1차 철강
한세예스24홀딩스,016450,의복 제조
환인제약,016580,의약품 제조
신대양제지,016590,종이 제품 제조
큐캐피탈,016600,기타 금융
DB금융투자,016610,금융 지원
디모아,016670,전문 도매
대성홀딩스,016710,회사 본부 및 경영 컨설팅
두올,016740,자동차 부품
현대사료,016790,사료 제조
퍼시스,016800,가구 제조
웅진,016880,기타 금융
카스,016920,기계장비 도매
신원종합개발,017000,건물 건설
광명전기,017040,전기 장치 제조
명문제약,017180,의약품 제조
인터엠,017250,영상 및 음향기기 제조
우신시스템,017370,특수 목적용 기계 제조
서울도시가스,017390,연료용 가스 제조 및 배관
삼현철강,017480,1차 철강
세명전기,017510,금속 가공
수산중공업,017550,특수 목적용 기계 제조
대림제지,017650,종이 및 판지 제품 제조
SK텔레콤,017670,전기 통신
현대엘리베이터,017800,일반 목적용 기계 제조
풀무원,017810,기타 식품 제조
한국알콜,017890,화학제품
광전자,017900,반도체 제조
E1,017940,전문 도매
한국카본,017960,구조용 금속제품 제조
유니슨,018000,일반 목적용 기계 제조
진로발효,018120,알코올 음료
애경산업,018250,화학제품
삼성에스디에스,018260,컴퓨터 시스템 관리
브이티지엠피,018290,컴퓨터 주변장치 제조
삼목에스폼,018310,구조용 금속제품 제조
조일알미늄,018470,1차 비철금속 제조
동원금속,018500,자동차 부품
우진비앤지,018620,의약품 제조
SK가스,018670,전문 도매
서울제약,018680,의약품 제조
바른손,018700,생활용품 도매
한온시스템,018880,일반 목적용 기계 제조
베뉴지,019010,종합 소매
신풍제약,019170,의약품 제조
티에이치엔,019180,전기장비 제조
와이지-원,019210,금속 가공
세아특수강,019440,1차 철강
하이트론씨스템즈,019490,영상 및 음향기기 제조
일지테크,019540,자동차 부품
SBI인베스트먼트,019550,신탁 및 집합투자
리더스 기술투자,019570,신탁 및 집합투자
엠벤처투자,019590,신탁 및 집합투자
글로본,019660,상품 종합 도매
대교,019680,초등 교육기관
서연탑메탈,019770,특수 목적용 기계 제조
에너토크,019990,일반 목적용 기계 제조
한섬,020000,의복 제조
키다리스튜디오,020120,인터넷 정보매개 서비스
일진머티리얼즈,020150,전자부품 제조
대신정보통신,020180,컴퓨터 시스템 관리
대동금속,020400,금속 주조
아시아나항공,020560,항공 여객 운송
시공테크,020710,전문디자인
일진디스플,020760,반도체 제조
대호특수강,021040,1차 철강
서원,021050,금속 주조
에이티넘인베스트,021080,신탁 및 집합투자
코웨이,021240,개인 서비스
KCC건설,021320,건물 건설
한국큐빅,021650,플라스틱제품 제조
세원정공,021820,자동차 부품
메이슨캐피탈,021880,기타 금융
포스코 ICT,022100,건축기술
TKG애강,022220,플라스틱제품 제조
삼원강재,023000,자동차 부품
MH에탄올,023150,알코올 음료
태광,023160,1차 철강
한국종합기술,023350,건축기술
유진기업,023410,"시멘트, 석회, 플라스터"
제이스코홀딩스,023440,1차 철강
동남합성,023450,화학물질 제조
CNH,023460,신탁 및 집합투자
롯데쇼핑,023530,종합 소매
다우기술,023590,인터넷 정보매개 서비스
삼보판지,023600,"펄프, 종이 및 판지 제조"
한국캐피탈,023760,기타 금융
플레이위드,023770,소프트웨어 개발
동일철강,023790,1차 철강
인지컨트롤스,023800,자동차 부품
인팩,023810,자동차 부품
풍국주정,023900,알코올 음료
대한약품,023910,의약품 제조
에쓰씨엔지니어링,023960,토목 건설
흥구석유,024060,전문 도매
WISCOM,024070,플라스틱제품 제조
디씨엠,024090,1차 철강
기업은행,024110,은행
KB오토시스,024120,자동차 부품
한국콜마홀딩스,024720,기타 금융
한일단조,024740,자동차 부품
유성티엔에스,024800,육상 여객 운송
이화전기,024810,전기 장치 제조
세원물산,024830,자동차 부품
KBI메탈,024840,1차 비철금속 제조
피에스엠씨,024850,전자부품 제조
케이피에프,024880,금속 가공
대원화성,024890,플라스틱제품 제조
덕양산업,024900,자동차 부품
경창산업,024910,자동차 부품
PN풍년,024940,금속 가공
삼천리자전거,024950,생활용품 도매
KPX케미칼,025000,화학물질 제조
시노펙스,025320,전자부품 제조
대성엘텍,025440,영상 및 음향기기 제조
에스제이엠홀딩스,025530,자동차 부품
한국단자공업,025540,전기 장치 제조
한국선재,025550,1차 철강
미래산업,025560,정밀기기 제조
제이준코스메틱,025620,화학제품
한솔홈데코,025750,목재 가공
한국정보통신,025770,전기 통신
이구산업,025820,1차 비철금속 제조
남해화학,025860,농업 제품 제조
신라에스지,025870,음·식료품 도매
케이씨피드,025880,사료 제조
한국주강,025890,특수 목적용 기계 제조
동화기업,025900,나무제품 제조
동신건설,025950,토목 건설
아난티,025980,숙박시설 운영
제이에스티나,026040,귀금속 및 장신용품 제조
특수건설,026150,토목 건설
스틱인베스트먼트,026890,신탁 및 집합투자
광진실업,026910,1차 철강
부국철강,026940,1차 철강
동서,026960,음·식료품 도매
서울전자통신,027040,기계장비 도매
코리아나,027050,화학제품
아주IB투자,027360,기타 금융
BGF,027410,기타 금융
상보,027580,플라스틱제품 제조
팜스토리,027710,사료 제조
마니커,027740,도축 및 육류 가공
대성창투,027830,신탁 및 집합투자
세하,027970,"펄프, 종이 및 판지 제조"
삼성엔지니어링,028050,건축기술
휴맥스홀딩스,028080,기타 금융
동아지질,028100,기반조성 및 시설물 축조
삼성물산,028260,전문 도매
HLB,028300,선박 건조
팬오션,028670,해상 운송
케이씨,029460,정밀기기 제조
광무,029480,통신 장비 제조
신도리코,029530,컴퓨터 주변장치 제조
삼성카드,029780,기타 금융
코엔텍,029960,폐기물 처리
제일기획,030000,광고
NICE평가정보,030190,서비스
케이티,030200,전기 통신
다올투자증권,030210,금융 지원
드래곤플라이,030350,소프트웨어 개발
한글과컴퓨터,030520,소프트웨어 개발
원익홀딩스,030530,특수 목적용 기계 제조
교보증권,030610,금융 지원
동원수산,030720,어업
비케이탑스,030790,컴퓨터 시스템 관리
양지사,030960,인쇄
아이즈비전,031310,전기 통신
에스에이엠티,031330,기계장비 도매
신세계인터내셔날,031430,의류 소매업
신세계푸드,031440,음식점
오스템,031510,자동차 부품
콤텍시스템,031820,컴퓨터 시스템 관리
엔에스엔,031860,상품 종합 도매
피에스케이홀딩스,031980,특수 목적용 기계 제조
아즈텍WB,032080,섬유제품 염색
다우데이타,032190,기계장비 도매
삼일,032280,도로 화물 운송
한국파마,032300,의약품 제조
롯데관광개발,032350,여행사
케이엠더블유,032500,통신 장비 제조
TJ미디어,032540,영상 및 음향기기 제조
황금에스티,032560,1차 비철금속 제조
피델릭스,032580,반도체 제조
유비케어,032620,소프트웨어 개발
LG유플러스,032640,전기 통신
소프트센,032680,기계장비 도매
삼진,032750,통신 장비 제조
BNGT,032790,기계장비 도매
판타지오,032800,창작 및 예술관련
우리기술,032820,전기 장치 제조
삼성생명,032830,보험
비트컴퓨터,032850,소프트웨어 개발
휴먼엔,032860,"해체, 선별 및 원료 재생"
원익,032940,기계장비 도매
동일기연,032960,전자부품 제조
바이온,032980,음·식료품 도매
제이엠아이,033050,기록매체 복제
제룡전기,033100,전기 장치 제조
디지틀조선,033130,인터넷 정보매개 서비스
엠케이전자,033160,전자부품 제조
시그네틱스,033170,반도체 제조
KH 필룩스,033180,전자부품 제조
모아텍,033200,전자부품 제조
인성정보,033230,컴퓨터 시스템 관리
자화전자,033240,전자부품 제조
체시스,033250,자동차 부품
유나이티드,033270,의약품 제조
코웰패션,033290,의류 소매업
엠투엔,033310,금속 가공
제이씨현시스템,033320,기계장비 도매
좋은사람들,033340,의복 제조
동성화인텍,033500,화학물질 제조
세종공업,033530,자동차 부품
파라텍,033540,특수 목적용 기계 제조
블루콤,033560,영상 및 음향기기 제조
네패스,033640,반도체 제조
케이티앤지,033780,담배 제조
스카이문스테크놀로지,033790,통신 장비 제조
티비씨,033830,텔레비전 방송
무학,033920,알코올 음료
두산에너빌리티,034020,일반 목적용 기계 제조
SBS,034120,텔레비전 방송
LG디스플레이,034220,전자부품 제조
파라다이스,034230,오락
신세계건설,034300,건물 건설
NICE,034310,회사 본부 및 경영 컨설팅
인천도시가스,034590,연료용 가스 제조 및 배관
SK,034730,기타 금융
해성산업,034810,기타 금융
한국토지신탁,034830,신탁 및 집합투자
조아제약,034940,의약품 제조
한국기업평가,034950,사업지원 서비스
지투알,035000,회사 본부 및 경영 컨설팅
그래디언트,035080,무점포 소매
백산,035150,플라스틱제품 제조
프럼파스트,035200,플라스틱제품 제조
강원랜드,035250,오락
골드앤에스,035290,인쇄물 출판
NAVER,035420,인터넷 정보매개 서비스
기산텔레콤,035460,통신 장비 제조
신세계I&C,035510,컴퓨터 시스템 관리
KG이니시스,035600,소프트웨어 개발
솔본,035610,회사 본부 및 경영 컨설팅
바른손이앤에이,035620,방송 컨텐츠 제작
카카오,035720,인터넷 정보매개 서비스
CJ ENM,035760,텔레비전 방송
이지홀딩스,035810,사료 제조
서희건설,035890,건물 건설
JYP Ent.,035900,음반 제작
예림당,036000,인쇄물 출판
아비코전자,036010,전자부품 제조
케이티알파,036030,상품 중개
위지트,036090,특수 목적용 기계 제조
SCI평가정보,036120,서비스
클라우드에어,036170,반도체 제조
지더블유바이텍,036180,기계장비 도매
금화피에스시,036190,전기 및 통신 공사
유니셈,036200,특수 목적용 기계 제조
콘텐트리중앙,036420,방송 컨텐츠 제작
한국가스공사,036460,연료용 가스 제조 및 배관
대성미생물,036480,의약품 제조
SNT홀딩스,036530,기타 금융
SFA반도체,036540,반도체 제조
영풍정밀,036560,일반 목적용 기계 제조
엔씨소프트,036570,소프트웨어 개발
팜스코,036580,곡물가공품 제조
감성코퍼레이션,036620,전문 도매
세종텔레콤,036630,전기 통신
HRS,036640,합성고무 및 플라스틱 제조
KCI,036670,화학제품
코맥스,036690,통신 장비 제조
심텍홀딩스,036710,통신 장비 제조
나이스정보통신,036800,전기 통신
에프에스티,036810,전자부품 제조
솔브레인홀딩스,036830,회사 본부 및 경영 컨설팅
진성티이씨,036890,특수 목적용 기계 제조
주성엔지니어링,036930,특수 목적용 기계 제조
파워넷,037030,전기 장치 제조
파세코,037070,가정용 기기 제조
한국팩키지,037230,종이 제품 제조
YG PLUS,037270,인터넷 정보매개 서비스
인지디스플레,037330,전자부품 제조
성도이엔지,037350,건축기술
EG,037370,토목 건설
우리엔터프라이즈,037400,상품 종합 도매
희림,037440,건축기술
삼지전자,037460,통신 장비 제조
LG헬로비전,037560,텔레비전 방송
광주신세계,037710,종합 소매
쎄니트,037760,1차 철강
엘컴텍,037950,전자부품 제조
제일테크노스,038010,구조용 금속제품 제조
루멘스,038060,반도체 제조
서린바이오,038070,전문 도매
에코플라스틱,038110,자동차 부품
마크로젠,038290,과학 및 기술 서비스
UCI,038340,교습 학원
레드캡투어,038390,여행사
바이오스마트,038460,전자부품 제조
삼표시멘트,038500,비금속 광물 제조
골드퍼시픽,038530,생활용품 도매
상상인,038540,컴퓨터 시스템 관리
위즈코프,038620,연료 소매
에스넷,038680,컴퓨터 시스템 관리
에코바이오,038870,사업시설 유지 관리
아이에이,038880,전자부품 제조
파인디지털,038950,통신 장비 제조
현대에이치티,039010,통신 장비 제조
이건홀딩스,039020,목재 가공
이오테크닉스,039030,특수 목적용 기계 제조
하나투어,039130,여행사
오스코텍,039200,의약품 제조
경남스틸,039240,1차 철강
인포뱅크,039290,서비스
세중,039310,여행사
한국경제TV,039340,텔레비전 방송
케이엘넷,039420,전기 통신
에스티아이,039440,특수 목적용 기계 제조
키움증권,039490,금융 지원
다산네트웍스,039560,통신 장비 제조
HDC랩스,039570,전기 및 통신 공사
화성밸브,039610,일반 목적용 기계 제조
한국정보공학,039740,전문 도매
오로라,039830,전문디자인
디오,039840,의료기기 제조
나노엔텍,039860,의료기기 제조
리노스,039980,의류 소매업
누리플렉스,040160,소프트웨어 개발
YTN,040300,방송 컨텐츠 제작
큐로컴,040350,컴퓨터 시스템 관리
정상제이엘에스,040420,교습 학원
SG&G,040610,자동차 부품
아이씨디,040910,특수 목적용 기계 제조
폴라리스오피스,041020,소프트웨어 개발
우리기술투자,041190,기타 금융
현대에버다임,041440,특수 목적용 기계 제조
한국전자인증,041460,소프트웨어 개발
에스엠,041510,음반 제작
이라이콤,041520,상품 중개
플래스크,041590,실내 건축
상신브레이크,041650,자동차 부품
인바디,041830,의료기기 제조
에스텍파마,041910,의약품 제조
메디아나,041920,의료기기 제조
동아화성,041930,고무제품 제조
코미팜,041960,의약품 제조
카페24,042000,인터넷 정보매개 서비스
케이피엠테크,042040,화학제품
에스씨디,042110,가정용 기기 제조
비츠로테크,042370,기타 금융
네오위즈홀딩스,042420,소프트웨어 개발
링네트,042500,컴퓨터 시스템 관리
라온시큐어,042510,소프트웨어 개발
한스바이오메드,042520,의료용품 제조
새로닉스,042600,전자부품 제조
대우조선해양,042660,선박 건조
현대두산인프라코어,042670,특수 목적용 기계 제조
한미반도체,042700,특수 목적용 기계 제조
상지카일룸,042940,건물 건설
한창바이오텍,043090,전문 도매
솔고바이오,043100,의료기기 제조
바텍,043150,의료기기 제조
파루,043200,전기 장치 제조
티에스넥스젠,043220,특수 목적용 기계 제조
성호전자,043260,전자부품 제조
에쎈테크,043340,일반 목적용 기계 제조
디지아이,043360,컴퓨터 주변장치 제조
피에이치에이,043370,자동차 부품
크로바하이텍,043590,반도체 제조
지니뮤직,043610,인터넷 정보매개 서비스
국순당,043650,알코올 음료
서울리거,043710,전문 도매
자연과환경,043910,환경 정화 및 복원
조광ILI,044060,일반 목적용 기계 제조
KD,044180,건물 건설
위닉스,044340,가정용 기기 제조
주연테크,044380,컴퓨터 주변장치 제조
KSS해운,044450,해상 운송
블루베리 NFT,044480,고무제품 제조
태웅,044490,금속 가공
에이치케이,044780,특수 목적용 기계 제조
코스맥스비티아이,044820,기타 금융
이글벳,044960,전문 도매
에이치엔에스하이텍,044990,전자부품 제조
오공,045060,화학제품
한양이엔지,045100,건축기술
성우테크론,045300,전자부품 제조
토탈소프트,045340,소프트웨어 개발
대아티아이,045390,전기장비 제조
정원엔시스,045510,컴퓨터 시스템 관리
크린앤사이언스,045520,일반 목적용 기계 제조
에이텍,045660,컴퓨터 주변장치 제조
코아시아,045970,반도체 제조
코다코,046070,자동차 부품
한일네트웍스,046110,인터넷 정보매개 서비스
오르비텍,046120,과학기술 서비스
SBS콘텐츠허브,046140,방송 컨텐츠 제작
파나진,046210,의료용품 제조
백금T&A,046310,통신 장비 제조
삼화네트웍스,046390,방송 컨텐츠 제작
KG모빌리언스,046440,소프트웨어 개발
서울반도체,046890,반도체 제조
우원개발,046940,기반조성 및 시설물 축조
우리로,046970,전문 도매
대우건설,047040,건물 건설
포스코인터내셔널,047050,상품 중개
한빛소프트,047080,소프트웨어 개발
파워로직스,047310,전기 장치 제조
유니온머티리얼,047400,"내화, 비내화 요업제품 제조"
이스트소프트,047560,소프트웨어 개발
코데즈컴바인,047770,의복 제조
한국항공우주,047810,항공기 부품 제조
초록뱀미디어,047820,방송 컨텐츠 제작
HLB제약,047920,연구개발
오스템임플란트,048260,의료기기 제조
현대바이오,048410,화학제품
유라테크,048430,전기 장치 제조
대동스틸,048470,1차 철강
인트론바이오,048530,의약물 제조
SM C&C,048550,광고
TPC,048770,일반 목적용 기계 제조
엔피케이,048830,합성고무 및 플라스틱 제조
시너지이노베이션,048870,의료기기 제조
대원미디어,048910,전문 도매
인탑스,049070,통신 장비 제조
기가레인,049080,특수 목적용 기계 제조
파인디앤씨,049120,전자부품 제조
셀루메드,049180,의약물 제조
코메론,049430,정밀기기 제조
SGA,049470,소프트웨어 개발
오픈베이스,049480,컴퓨터 시스템 관리
유아이엘,049520,전자부품 제조
잉크테크,049550,화학제품
재영솔루텍,049630,광학기기 제조
고려신용정보,049720,사업지원 서비스
동원F&B,049770,기타 식품 제조
우진플라임,049800,특수 목적용 기계 제조
승일,049830,금속 가공
미래컴퍼니,049950,특수 목적용 기계 제조
쎌바이오텍,049960,의약물 제조
비케이홀딩스,050090,전자부품 제조
캠시스,050110,전자부품 제조
ES큐브,050120,생활용품 도매
에스에이치엔엘,050320,기계장비 도매
한국코퍼레이션,050540,사업지원 서비스
에스폴리텍,050760,플라스틱제품 제조
아세아텍,050860,특수 목적용 기계 제조
쏠리드,050890,통신 장비 제조
수산아이앤티,050960,소프트웨어 개발
지어소프트,051160,소프트웨어 개발
토비스,051360,영상 및 음향기기 제조
인터플렉스,051370,전자부품 제조
피씨디렉트,051380,기계장비 도매
YW,051390,상품 종합 도매
나라엠앤디,051490,특수 목적용 기계 제조
CJ프레시웨이,051500,음·식료품 도매
한전KPS,051600,전기 및 통신 공사
진양화학,051630,플라스틱제품 제조
큐로홀딩스,051780,음·식료품 및 담배 소매
LG생활건강,051900,화학제품
LG화학,051910,화학물질 제조
중앙디앤엠,051980,플라스틱제품 제조
에스티큐브,052020,기계장비 도매
세영디앤씨,052190,창작 및 예술관련
iMBC,052220,인터넷 정보매개 서비스
현대바이오랜드,052260,화학제품
초록뱀컴퍼니,052300,운송 서비스
코텍,052330,영상 및 음향기기 제조
코나아이,052400,소프트웨어 개발
오성첨단소재,052420,플라스틱제품 제조
아이크래프트,052460,컴퓨터 시스템 관리
한네트,052600,전기 통신
제일바이오,052670,의약품 제조
한전기술,052690,건축기술
아모텍,052710,전자부품 제조
아이톡시,052770,소프트웨어 개발
액토즈소프트,052790,소프트웨어 개발
아이앤씨,052860,반도체 제조
KMH하이텍,052900,플라스틱제품 제조
바이넥스,053030,의약품 제조
지에스이,053050,연료용 가스 제조 및 배관
세동,053060,자동차 부품
원방테크,053080,일반 목적용 기계 제조
소리바다,053110,인터넷 정보매개 서비스
프리엠스,053160,전기 장치 제조
케이티스카이라이프,053210,텔레비전 방송
금강철강,053260,1차 철강
구영테크,053270,자동차 부품
예스24,053280,무점포 소매
NE능률,053290,인쇄물 출판
한국정보인증,053300,소프트웨어 개발
이니텍,053350,소프트웨어 개발
세코닉스,053450,광학기기 제조
웹케시,053580,소프트웨어 개발
한국테크놀로지,053590,자동차 부품
프로텍,053610,특수 목적용 기계 제조
태양,053620,금속 가공
한미글로벌,053690,건축기술
삼보모터스,053700,자동차 부품
안랩,053800,소프트웨어 개발
경남제약,053950,의약품 제조
오상자이엘,053980,컴퓨터 시스템 관리
한국컴퓨터,054040,전자부품 제조
농우바이오,054050,작물 재배
삼진엘앤디,054090,기타 제품 제조
메디콕스,054180,선박 건조
이랜텍,054210,전자부품 제조
비츠로시스,054220,전기 장치 제조
팬스타엔터프라이즈,054300,일반 목적용 기계 제조
케이피티유,054410,금속 가공
텔레칩스,054450,반도체 제조
삼영엠텍,054540,구조용 금속제품 제조
APS홀딩스,054620,기타 금융
에이디칩스,054630,기타 제품 제조
대한뉴팜,054670,의약품 제조
키이스트,054780,방송 컨텐츠 제작
아이디스홀딩스,054800,전문 서비스
한컴위드,054920,소프트웨어 개발
유신,054930,건축기술
엑사이엔씨,054940,실내 건축
제이브이엠,054950,일반 목적용 기계 제조
테이팩스,055490,플라스틱제품 제조
신한지주,055550,기타 금융
코원플레이,056000,소프트웨어 개발
유진로봇,056080,특수 목적용 기계 제조
유앤아이,056090,의료기기 제조
에스에프에이,056190,특수 목적용 기계 제조
코위버,056360,통신 장비 제조
신화인터텍,056700,플라스틱제품 제조
CNT85,056730,전문 도매
YBM넷,057030,교육지원
현대홈쇼핑,057050,무점포 소매
옴니시스템,057540,정밀기기 제조
티사이언티픽,057680,소프트웨어 개발
피에이치씨,057880,의류 소매업
멕아이씨에스,058110,의료기기 제조
아리온,058220,통신 장비 제조
KNN,058400,텔레비전 방송
제이웨이,058420,방송 컨텐츠 제작
포스코스틸리온,058430,1차 철강
일야,058450,통신 장비 제조
리노공업,058470,전자부품 제조
파나케이아,058530,생활용품 도매
에스피지,058610,전기 장치 제조
엠게임,058630,소프트웨어 개발
세아홀딩스,058650,1차 철강
다스코,058730,구조용 금속제품 제조
CMG제약,058820,의약품 제조
KTcs,058850,서비스
KTis,058860,서비스
엠로,058970,소프트웨어 개발
미코,059090,반도체 제조
아이컴포넌트,059100,전자부품 제조
아진엑스텍,059120,반도체 제조
메타바이오메드,059210,의료용품 제조
해성티피씨,059270,금속 가공
인선이엔티,060150,폐기물 처리
소니드,060230,전자부품 제조
룽투코리아,060240,소프트웨어 개발
NHN한국사이버결제,060250,서비스
뉴보텍,060260,플라스틱제품 제조
큐렉소,060280,상품 소매
레드로버,060300,방송 컨텐츠 제작
3S,060310,전자부품 제조
KT서브마린,060370,전기 및 통신 공사
동양에스텍,060380,1차 철강
국일신동,060480,1차 비철금속 제조
에스에이티,060540,정밀기기 제조
홈센타홀딩스,060560,전문 도매
드림어스컴퍼니,060570,인터넷 정보매개 서비스
씨티씨바이오,060590,의약품 제조
KH바텍,060720,전자부품 제조
영림원소프트랩,060850,소프트웨어 개발
대한그린파워,060900,화학제품
한라홀딩스,060980,기타 금융
알에프텍,061040,통신 장비 제조
화일약품,061250,의약품 제조
엘비세미콘,061970,반도체 제조
티엘아이,062860,반도체 제조
피피아이,062970,통신 장비 제조
컴투스홀딩스,063080,소프트웨어 개발
종근당바이오,063160,의약품 제조
서울옥션,063170,상품 중개
SM Life Design,063440,기록매체 복제
한국전자금융,063570,사업지원 서비스
이엘피,063760,정밀기기 제조
에프앤리퍼블릭,064090,상품 종합 도매
홈캐스트,064240,영상 및 음향기기 제조
다날,064260,소프트웨어 개발
인텍플러스,064290,특수 목적용 기계 제조
현대로템,064350,철도장비 제조
브리지텍,064480,소프트웨어 개발
유네코,064510,특수 목적용 기계 제조
바른전자,064520,반도체 제조
바이오니아,064550,의료용품 제조
티씨케이,064760,비금속 광물 제조
젬백스링크,064800,의류 소매업
케이프,064820,선박 건조
에프앤가이드,064850,서비스
SNT모티브,064960,자동차 부품
지엔코,065060,의복 제조
탑엔지니어링,065130,특수 목적용 기계 제조
엠피대산,065150,음·식료품 도매
비엘팜텍,065170,음·식료품 도매
신성델타테크,065350,가정용 기기 제조
위세아이텍,065370,소프트웨어 개발
에스아이리소스,065420,석탄
이루온,065440,소프트웨어 개발
빅텍,065450,정밀기기 제조
오리엔트정공,065500,자동차 부품
휴비츠,065510,의료기기 제조
와이어블,065530,전기 통신
녹원씨엔아이,065560,인쇄
삼영이엔씨,065570,통신 장비 제조
메디프론,065650,기계장비 도매
안트로젠,065660,전문 도매
우주일렉트로,065680,전자부품 제조
파커스,065690,반도체 제조
서호전기,065710,전기 장치 제조
CS,065770,통신 장비 제조
웰크론,065950,직물제품 제조
하츠,066130,가정용 기기 제조
큐에스아이,066310,반도체 제조
체리부로,066360,도축 및 육류 가공
버킷스튜디오,066410,방송 컨텐츠 제작
와이오엠,066430,전문 도매
LG전자,066570,통신 장비 제조
우수AMS,066590,자동차 부품
국보디자인,066620,실내 건축
디스플레이텍,066670,전자부품 제조
테라젠이텍스,066700,의약품 제조
씨씨에스,066790,텔레비전 방송
제노텍,066830,화학제품
디에이피,066900,전자부품 제조
손오공,066910,전문 도매
엘앤에프,066970,배터리 제조
이엔코퍼레이션,066980,서비스
조이시티,067000,소프트웨어 개발
이씨에스,067010,컴퓨터 시스템 관리
대화제약,067080,의약품 제조
아프리카TV,067160,소프트웨어 개발
오텍,067170,자동차 부품 제조
멀티캠퍼스,067280,기타 교육기관
JW신약,067290,의약품 제조
하나마이크론,067310,반도체 제조
선바이오,067370,의약품 제조
아스트,067390,항공기 부품 제조
엔브이에이치코리아,067570,자동차 부품
HLB생명과학,067630,건축기술
로지시스,067730,컴퓨터 시스템 관리
세진티에스,067770,전자부품 제조
세이브존I&C,067830,종합 소매
와이엔텍,067900,폐기물 처리
이글루,067920,서비스
도이치모터스,067990,자동차 판매
팬엔터테인먼트,068050,방송 컨텐츠 제작
다원시스,068240,전기 장치 제조
셀트리온,068270,의약물 제조
삼성출판사,068290,인쇄물 출판
일신바이오,068330,일반 목적용 기계 제조
SK렌터카,068400,운송장비 임대
셀트리온제약,068760,의약품 제조
DMS,068790,특수 목적용 기계 제조
디지털대성,068930,교습 학원
아이씨케이,068940,전자부품 제조
웹젠,069080,소프트웨어 개발
코스온,069110,화학제품
누리플랜,069140,구조용 금속제품 제조
티케이지휴켐스,069260,화학제품
유아이디,069330,전자부품 제조
엔텔스,069410,소프트웨어 개발
대호에이엘,069460,1차 비철금속 제조
에스텍,069510,영상 및 음향기기 제조
라이트론,069540,통신 장비 제조
대웅제약,069620,의약품 제조
한세엠케이,069640,의류 소매업
DSR제강,069730,1차 철강
아이에스이커머스,069920,무점포 소매
현대백화점,069960,종합 소매
엑스큐어,070300,소프트웨어 개발
한솔인티큐브,070590,컴퓨터 시스템 관리
용평리조트,070960,숙박시설 운영
한국금융지주,071050,기타 금융
하이스틸,071090,1차 철강
인피니트헬스케어,071200,소프트웨어 개발
로체시스템즈,071280,특수 목적용 기계 제조
지역난방공사,071320,"증기, 냉·온수 및 공기조절 공급"
위니아,071460,가정용 기기 제조
에이테크솔루션,071670,특수 목적용 기계 제조
롯데하이마트,071840,가전제품 및 정보통신장비 소매
캐스텍코리아,071850,자동차 부품
코아스,071950,가구 제조
STX중공업,071970,일반 목적용 기계 제조
중앙백신,072020,의약물 제조
유엔젤,072130,인터넷 정보매개 서비스
우리산업홀딩스,072470,자동차 부품
제넨바이오,072520,생활용품 도매
농심홀딩스,072710,기타 금융
율호,072770,컴퓨터 시스템 관리
메가스터디,072870,인쇄물 출판
빛샘전자,072950,전자부품 제조
에이치시티,072990,과학기술 서비스
케이에스피,073010,일반 목적용 기계 제조
엘엠에스,073110,전자부품 제조
듀오백,073190,가구 제조
금호타이어,073240,고무제품 제조
이노와이어리스,073490,통신 장비 제조
에프알텍,073540,통신 장비 제조
우리손에프앤지,073560,도축 및 육류 가공
WI,073570,기타 제품 제조
테라사이언스,073640,금속 가공
아미노로직스,074430,전문 도매
원익QnC,074600,유리제품 제조
이엔플러스,074610,일반 목적용 기계 제조
플랜티넷,075130,컴퓨터 시스템 관리
새론오토모티브,075180,자동차 부품
세진중공업,075580,선박 건조
동국알앤에스,075970,비금속 광물 제조
웰크론한텍,076080,건물 건설
관악산업,076340,기반조성 및 시설물 축조
해성옵틱스,076610,광학기기 제조
덕산하이메탈,077360,반도체 제조
유니퀘스트,077500,기계장비 도매
STX엔진,077970,일반 목적용 기계 제조
텔코웨어,078000,인터넷 정보매개 서비스
이베스트투자증권,078020,금융 지원
유비쿼스홀딩스,078070,통신 장비 제조
국일제지,078130,종이 및 판지 제품 제조
대봉엘에스,078140,의약품 제조
HB테크놀러지,078150,특수 목적용 기계 제조
메디포스트,078160,의약물 제조
컴투스,078340,소프트웨어 개발
한양디지텍,078350,반도체 제조
에이블씨엔씨,078520,화학제품
디아크,078590,자동차 부품
대주전자재료,078600,전자부품 제조
지나인제약,078650,광학기기 제조
아이오케이,078860,방송 컨텐츠 제작
가온미디어,078890,통신 장비 제조
GS,078930,기타 금융
코드네이처,078940,전기 및 통신 공사
와토스코리아,079000,플라스틱제품 제조
CJ CGV,079160,방송 컨텐츠 제작
한창산업,079170,1차 비철금속 제조
케스피온,079190,통신 장비 제조
제우스,079370,특수 목적용 기계 제조
현대리바트,079430,가구 제조
LIG넥스원,079550,무기 제조
서산,079650,"시멘트, 석회, 플라스터"
디이엔티,079810,특수 목적용 기계 제조
가비아,079940,소프트웨어 개발
인베니아,079950,특수 목적용 기계 제조
동양이엔피,079960,전기 장치 제조
투비소프트,079970,소프트웨어 개발
휴비스,079980,화학섬유 제조
에스엔유,080000,특수 목적용 기계 제조
이상네트웍스,080010,상품 중개
모두투어,080160,여행사
제주반도체,080220,반도체 제조
모다이노칩,080420,의류 소매업
성창오토텍,080470,자동차 부품
오디텍,080520,반도체 제조
코디,080530,화학제품
오킨스전자,080580,전자부품 제조
한국유니온제약,080720,의약품 제조
일진다이아,081000,화학제품
티플랙스,081150,금속 가공
성우전자,081580,통신 장비 제조
휠라홀딩스,081660,생활용품 도매
옵트론텍,082210,광학기기 제조
젬백스,082270,특수 목적용 기계 제조
동양생명,082640,보험
코스나인,082660,화학제품
HSD엔진,082740,일반 목적용 기계 제조
비보존 헬스케어,082800,반도체 제조
우리바이오,082850,조명장치
비츠로셀,082920,배터리 제조
엘오티베큠,083310,특수 목적용 기계 제조
그린케미칼,083420,화학제품
GST,083450,특수 목적용 기계 제조
이엠앤아이,083470,플라스틱제품 제조
에프엔에스테크,083500,특수 목적용 기계 제조
케이엠,083550,섬유제품 제조
인콘,083640,통신 장비 제조
비에이치아이,083650,일반 목적용 기계 제조
CSA 코스믹,083660,화학제품
크리스탈지노믹스,083790,연구개발
아바코,083930,특수 목적용 기계 제조
대한제강,084010,1차 철강
휴온스글로벌,084110,의약품 제조
EV수성,084180,일반 목적용 기계 제조
유진테크,084370,특수 목적용 기계 제조
유비온,084440,서비스
랩지노믹스,084650,연구개발
동양고속,084670,육상 여객 운송
이월드,084680,귀금속 및 장신용품 제조
대상홀딩스,084690,기타 금융
팅크웨어,084730,통신 장비 제조
아이티엠반도체,084850,전자부품 제조
티비에이치글로벌,084870,의복 제조
헬릭스미스,084990,연구개발
엔케이,085310,구조용 금속제품 제조
루트로닉,085370,의료기기 제조
미래에셋생명,085620,보험
차바이오텍,085660,의약물 제조
뉴프렉스,085670,전자부품 제조
알티캐스트,085810,소프트웨어 개발
네오티스,085910,자동차 부품
바이오톡스텍,086040,연구개발
진바이오텍,086060,사료 제조
비엘헬스케어,086220,기타 식품 제조
현대글로비스,086280,운송 서비스
유니테스트,086390,특수 목적용 기계 제조
동국제약,086450,의약품 제조
에스엔피제네틱스,086460,연구개발
에코프로,086520,화학제품
비엠티,086670,일반 목적용 기계 제조
선진뷰티사이언스,086710,화학제품
하나금융지주,086790,기타 금융
바이오솔루션,086820,의약물 제조
이수앱지스,086890,의료용품 제조
메디톡스,086900,의약물 제조
한컴MDS,086960,소프트웨어 개발
쇼박스,086980,방송 컨텐츠 제작
펩트론,087010,의약물 제조
모바일어플라이언스,087260,소프트웨어 개발
픽셀플러스,087600,전자부품 제조
동아엘텍,088130,특수 목적용 기계 제조
이리츠코크렙,088260,부동산
이원컴포텍,088290,자동차 부품
한화생명,088350,보험
이녹스,088390,운송장비 제조
진도,088790,전문 도매
에이스테크,088800,통신 장비 제조
동우팜투테이블,088910,도축 및 육류 가공
맥쿼리인프라,088980,신탁 및 집합투자
켐트로닉스,089010,화학제품
테크윙,089030,특수 목적용 기계 제조
넥스턴바이오,089140,유리제품 제조
케이씨티,089150,컴퓨터 시스템 관리
THE E&M,089230,서비스
HDC현대EP,089470,화학제품
에이티세미콘,089530,반도체 제조
제주항공,089590,항공 여객 운송
나스미디어,089600,광고
제이티,089790,특수 목적용 기계 제조
유비벨록스,089850,소프트웨어 개발
롯데렌탈,089860,운송장비 임대
코세스,089890,특수 목적용 기계 제조
에이피티씨,089970,특수 목적용 기계 제조
상아프론테크,089980,플라스틱제품 제조
평화산업,090080,자동차 부품
아이윈,090150,자동차 부품
노루페인트,090350,화학제품
로보스타,090360,특수 목적용 기계 제조
메타랩스,090370,의복 제조
덕신하우징,090410,구조용 금속제품 제조
아모레퍼시픽,090430,화학제품
비에이치,090460,전자부품 제조
제이스텍,090470,특수 목적용 기계 제조
휴림로봇,090710,특수 목적용 기계 제조
연이비앤티,090740,전자부품 제조
현대이지웰,090850,소프트웨어 개발
세원이앤씨,091090,구조용 금속제품 제조
이엠텍,091120,전자부품 제조
S&K폴리텍,091340,전자부품 제조
텔레필드,091440,통신 장비 제조
상신이디피,091580,배터리 제조
남화토건,091590,건물 건설
파트론,091700,전자부품 제조
티웨이항공,091810,항공 여객 운송
나노캠텍,091970,플라스틱제품 제조
셀트리온헬스케어,091990,전문 도매
아미코젠,092040,기타 식품 제조
디엔에프,092070,화학제품
이크레더블,092130,서비스
서울바이오시스,092190,반도체 제조
디아이씨,092200,자동차 부품
KEC,092220,반도체 제조
KPX홀딩스,092230,화학물질 제조
현우산업,092300,전자부품 제조
기신정기,092440,특수 목적용 기계 제조
한라IMS,092460,선박 건조
럭스피아,092590,반도체 제조
앤씨앤,092600,반도체 제조
네오팜,092730,화학제품
동양피스톤,092780,자동차 엔진 및 자동차 제조
엑시콘,092870,특수 목적용 기계 제조
LF,093050,의복 제조
빅솔론,093190,컴퓨터 주변장치 제조
이아이디,093230,전문 도매
형지엘리트,093240,의복 제조
케이아이엔엑스,093320,인터넷 정보매개 서비스
후성,093370,화학물질 제조
풍강,093380,금속 가공
엔지브이아이,093510,자동차 부품
매커스,093520,기계장비 도매
다믈멀티미디어,093640,반도체 제조
서원인텍,093920,통신 장비 제조
동운아나텍,094170,반도체 제조
효성 ITX,094280,사업지원 서비스
칩스앤미디어,094360,반도체 제조
갤럭시아머니트리,094480,소프트웨어 개발
맵스리얼티1,094800,신탁 및 집합투자
일진파워,094820,전기 및 통신 공사
슈프리마에이치큐,094840,통신 장비 제조
참좋은여행,094850,여행사
네오리진,094860,소프트웨어 개발
푸른기술,094940,컴퓨터 주변장치 제조
제이엠티,094970,전자부품 제조
이엠코리아,095190,특수 목적용 기계 제조
웨이브일렉트로,095270,정밀기기 제조
ISC,095340,전자부품 제조
미래나노텍,095500,플라스틱제품 제조
AJ네트웍스,095570,산업용 기계 및 장비 임대
테스,095610,특수 목적용 기계 제조
네오위즈,095660,소프트웨어 개발
제넥신,095700,연구개발
웅진씽크빅,095720,초등 교육기관
에스에너지,095910,전기 장치 제조
이트론,096040,전문 도매
크레버스,096240,교습 학원
베트남개발1,096300,신탁 및 집합투자
대창솔루션,096350,구조용 금속제품 제조
씨젠,096530,의료용품 제조
알에프세미,096610,반도체 제조
에스코넥,096630,통신 장비 제조
멜파스,096640,전자부품 제조
에이루트,096690,컴퓨터 주변장치 제조
JW홀딩스,096760,기타 금융
SK이노베이션,096770,석유 정제품 제조
엘디티,096870,반도체 제조
HJ중공업,097230,토목 건설
엠씨넥스,097520,영상 및 음향기기 제조
에스맥,097780,통신 장비 제조
윈팩,097800,반도체 제조
효성오앤비,097870,농업 제품 제조
CJ제일제당,097950,기타 식품 제조
마이크로컨텍솔,098120,전자부품 제조
고영,098460,특수 목적용 기계 제조
에스티오,098660,의복 제조
아이센스,099190,의료기기 제조
SDN,099220,기계장비 도매
쎄트렉아이,099320,항공기 부품 제조
브레인즈컴퍼니,099390,소프트웨어 개발
동방선기,099410,선박 건조
바이오플러스,099430,의약물 제조
스맥,099440,특수 목적용 기계 제조
ITX-AI,099520,영상 및 음향기기 제조
이지케어텍,099750,소프트웨어 개발
모바일리더,100030,소프트웨어 개발
삼강엠앤티,100090,1차 철강
뷰웍스,100120,의료기기 제조
동국S&C,100130,구조용 금속제품 제조
비상교육,100220,인쇄물 출판
진양홀딩스,100250,플라스틱제품 제조
머큐리,100590,통신 장비 제조
서암기계공업,100660,일반 목적용 기계 제조
세운메디칼,100700,의료용품 제조
미래에셋벤처투자,100790,기타 금융
SNT에너지,100840,일반 목적용 기계 제조
상상인인더스트리,101000,특수 목적용 기계 제조
인바이오젠,101140,생활용품 도매
월덱스,101160,전자부품 제조
우림피티에스,101170,일반 목적용 기계 제조
씨큐브,101240,화학물질 제조
모베이스,101330,통신 장비 제조
이엔드디,101360,화학제품
아이엠,101390,전자부품 제조
엔시트론,101400,반도체 제조
에스앤에스텍,101490,전자부품 제조
해태제과식품,101530,기타 식품 제조
코리아에스이,101670,구조용 금속제품 제조
한국정밀기계,101680,특수 목적용 기계 제조
위메이드맥스,101730,소프트웨어 개발
인화정공,101930,선박 건조
어보브반도체,102120,반도체 제조
동성케미컬,102260,회사 본부 및 경영 컨설팅
쌍방울,102280,의복 제조
케이옥션,102370,상품 중개
이연제약,102460,의약품 제조
이엔에프테크놀로지,102710,화학제품
코오롱생명과학,102940,의약물 제조
풍산,103140,1차 비철금속 제조
에스앤더블류,103230,일반 목적용 기계 제조
일진전기,103590,케이블 제조
씨앗,103660,화학제품
우양,103840,"과실, 채소 가공 및 저장 처리"
대성파인텍,104040,자동차 부품
NHN벅스,104200,소프트웨어 개발
디와이피엔에프,104460,일반 목적용 기계 제조
티케이케미칼,104480,화학섬유 제조
코렌텍,104540,의료기기 제조
노랑풍선,104620,여행사
한국철강,104700,1차 철강
원익머트리얼즈,104830,화학물질 제조
케이엔더블유,105330,전자부품 제조
트루윈,105550,전자부품 제조
KB금융,105560,기타 금융
한세실업,105630,의복 제조
디케이락,105740,일반 목적용 기계 제조
우진,105840,정밀기기 제조
하이소닉,106080,전자부품 제조
하이텍팜,106190,전문 도매
파인테크닉스,106240,통신 장비 제조
노블엠앤비,106520,광학기기 제조
미원홀딩스,107590,기타 금융
한중엔시에스,107640,자동차 부품
톱텍,108230,특수 목적용 기계 제조
LX세미콘,108320,반도체 제조
대양전기공업,108380,선박 건조
로보티즈,108490,특수 목적용 기계 제조
LX하우시스,108670,플라스틱제품 제조
셀바스AI,108860,소프트웨어 개발
컨버즈,109070,통신 장비 제조
옵티시스,109080,통신 장비 제조
에스와이,109610,구조용 금속제품 제조
디에스케이,109740,특수 목적용 기계 제조
진매트릭스,109820,연구개발
동일금속,109860,금속 주조
에이프로젠 H&G,109960,전문 도매
전진바이오팜,110020,화학제품
크리스에프앤씨,110790,의복 제조
디아이티,110990,특수 목적용 기계 제조
호전실업,111110,의복 제조
남화산업,111710,스포츠
영원무역,111770,상품 종합 도매
KH 전자,111870,영상 및 음향기기 제조
위메이드,112040,소프트웨어 개발
KC산업,112190,"시멘트, 석회, 플라스터"
씨에스윈드,112610,구조용 금속제품 제조
디젠스,113810,자동차 부품
GKL,114090,오락
크루셜텍,114120,전자부품 제조
강원에너지,114190,구조용 금속제품 제조
KPX생명과학,114450,의약물 제조
폴라리스우노,114630,화학섬유 제조
아이원스,114810,특수 목적용 기계 제조
아이패밀리에스씨,114840,화학제품
대주이엔티,114920,1차 철강
휴맥스,115160,영상 및 음향기기 제조
큐리언트,115180,연구개발
인포바인,115310,전기 통신
락앤락,115390,플라스틱제품 제조
우리넷,115440,통신 장비 제조
HLB테라퓨틱스,115450,전문 도매
씨유메디칼,115480,의료기기 제조
케이씨에스,115500,컴퓨터 시스템 관리
씨엔플러스,115530,전자부품 제조
스타플렉스,115570,플라스틱제품 제조
이미지스,115610,반도체 제조
연우,115960,플라스틱제품 제조
태양기계,116100,자동차 부품
대성에너지,117580,연료용 가스 제조 및 배관
알파홀딩스,117670,반도체 제조
티로보틱스,117730,특수 목적용 기계 제조
초록뱀헬스케어,118000,기계장비 도매
모트렉스,118990,자동차 부품
포메탈,119500,금속 가공
인터로조,119610,의료기기 제조
KC코트렐,119650,일반 목적용 기계 제조
아이텍,119830,과학 및 기술 서비스
지엔씨에너지,119850,전기 장치 제조
다나와,119860,소프트웨어 개발
조선선재,120030,금속 가공
코오롱인더,120110,화학섬유 제조
대정화금,120240,화학물질 제조
유니포인트,121060,컴퓨터 시스템 관리
골프존뉴딘홀딩스,121440,상품 중개
나노신소재,121600,화학제품
비덴트,121800,통신 장비 제조
코이즈,121850,플라스틱제품 제조
에스디시스템,121890,전자부품 제조
제노레이,122310,의료기기 제조
삼기,122350,자동차 부품
KMH,122450,텔레비전 방송
예스티,122640,특수 목적용 기계 제조
서진오토모티브,122690,자동차 부품
원포유,122830,전기 통신
와이지엔터테인먼트,122870,음반 제작
아이마켓코리아,122900,상품 종합 도매
와이솔,122990,전자부품 제조
폴라리스웍스,123010,전자부품 제조
엠에스오토텍,123040,자동차 부품
제닉,123330,화학제품
코리아에프티,123410,자동차 부품
위메이드플레이,123420,소프트웨어 개발
이엠넷,123570,광고
한국화장품,123690,생활용품 도매
에스제이엠,123700,자동차 부품
알톤스포츠,123750,운송장비 제조
한일진공,123840,특수 목적용 기계 제조
아나패스,123860,반도체 제조
한국자산신탁,123890,신탁 및 집합투자
아이티센,124500,컴퓨터 시스템 관리
태웅로직스,124560,운송 서비스
아모그린텍,125210,전자부품 제조
비나텍,126340,배터리 제조
현대퓨처넷,126560,텔레비전 방송
코프라,126600,합성고무 및 플라스틱 제조
화신정공,126640,자동차 부품
하이비젼시스템,126700,광학기기 제조
뉴로스,126870,일반 목적용 기계 제조
제이엔케이히터,126880,일반 목적용 기계 제조
디엔에이링크,127120,연구개발
매직마이크로,127160,전자부품 제조
아시아경제,127710,인터넷 정보매개 서비스
에코캡,128540,자동차 부품
피제이메탈,128660,1차 비철금속 제조
대성산업,128820,연료 소매
한미약품,128940,의약품 제조
인터지스,129260,도로 화물 운송
앱코,129890,컴퓨터 주변장치 제조
GH신소재,130500,섬유제품 제조
나이스디앤비,130580,사업지원 서비스
한전산업,130660,건축기술
티피씨글로벌,130740,자동차 부품
디에이치피코리아,131030,의약품 제조
시큐브,131090,소프트웨어 개발
스카이이앤엠,131100,상품 종합 도매
딜리,131180,컴퓨터 주변장치 제조
대한과학,131220,기계장비 도매
티에스이,131290,정밀기기 제조
알서포트,131370,소프트웨어 개발
원익피앤이,131390,전기 장치 제조
이브이첨단소재,131400,전자부품 제조
파인텍,131760,특수 목적용 기계 제조
테스나,131970,과학 및 기술 서비스
메가엠디,133750,교습 학원
화인베스틸,133820,1차 철강
이퓨쳐,134060,인쇄물 출판
미원화학,134380,화학제품
탑코미디어,134580,통신 장비 제조
시디즈,134790,가구 제조
지오씨,135160,케이블 제조
아셈스,136410,플라스틱제품 제조
하림,136480,도축 및 육류 가공
선진,136490,사료 제조
에디슨EV,136510,특수 목적용 기계 제조
윈스,136540,컴퓨터 시스템 관리
큐엠씨,136660,특수 목적용 기계 제조
나래나노텍,137080,특수 목적용 기계 제조
에스디바이오센서,137310,의료기기 제조
피엔티,137400,특수 목적용 기계 제조
넥스트아이,137940,정밀기기 제조
제이씨케미칼,137950,화학제품
메리츠금융지주,138040,기타 금융
신진에스엠,138070,금속 가공
오이솔루션,138080,통신 장비 제조
협진,138360,화학제품
코오롱플라스틱,138490,합성고무 및 플라스틱 제조
비즈니스온,138580,소프트웨어 개발
나이벡,138610,의료용품 제조
엘아이에스,138690,특수 목적용 기계 제조
BNK금융지주,138930,기타 금융
시티랩스,139050,컴퓨터 시스템 관리
DGB금융지주,139130,기타 금융
이마트,139480,종합 소매
키네마스터,139670,소프트웨어 개발
아주스틸,139990,1차 철강
서플러스글로벌,140070,기계장비 도매
청광건설,140290,토목 건설
메지온,140410,연구개발
대창스틸,140520,1차 철강
엔솔바이오사이언스,140610,연구개발
위월드,140660,통신 장비 제조
알에스오토메이션,140670,전자부품 제조
파크시스템스,140860,정밀기기 제조
에이리츠,140910,부동산
비아트론,141000,특수 목적용 기계 제조
디에스앤엘,141020,무점포 소매
레고켐바이오,141080,연구개발
유니트론텍,142210,자동차 부품
녹십자엠에스,142280,의료용품 제조
비엘,142760,연구개발
아이디스,143160,통신 장비 제조
핸즈코퍼레이션,143210,자동차 부품
사람인에이치알,143240,인터넷 정보매개 서비스
영우디에스피,143540,특수 목적용 기계 제조
지씨셀,144510,과학 및 기술 서비스
뉴파워프라즈마,144960,특수 목적용 기계 제조
휴젤,145020,의약물 제조
다이나믹디자인,145210,특수 목적용 기계 제조
케이탑리츠,145270,부동산
덴티움,145720,의료기기 제조
삼양사,145990,기타 식품 제조
비씨엔씨,146320,반도체 제조
마이크로프랜드,147760,정밀기기 제조
제룡산업,147830,구조용 금속제품 제조
비디아이,148140,일반 목적용 기계 제조
세경하이테크,148150,전자부품 제조
알엔투테크놀로지,148250,전자부품 제조
비플라이소프트,148780,소프트웨어 개발
아이케이세미콘,149010,반도체 제조
아퓨어스,149300,의약물 제조
아바텍,149950,전자부품 제조
하이로닉,149980,의료기기 제조
피노텍,150440,소프트웨어 개발
인트로메딕,150840,의료기기 제조
파수,150900,소프트웨어 개발
KG ETS,151860,폐기물 처리
SBW생명과학,151910,전자부품 제조
한국ANKOR유전,152550,신탁 및 집합투자
네이블커뮤니케이션즈,153460,소프트웨어 개발
우리이앤엘,153490,반도체 제조
옵티팜,153710,의료용품 제조
아시아종묘,154030,작물 재배
솔루에타,154040,전자부품 제조
와이엠씨,155650,전자부품 제조
DSR,155660,1차 비철금속 제조
바다로19호,155900,운송장비 임대
엘앤케이바이오,156100,의료기기 제조
참존글로벌,158310,특수 목적용 기계 제조
아톤,158430,소프트웨어 개발
아스플로,159010,일반 목적용 기계 제조
제로투세븐,159580,생활용품 도매
스킨앤스킨,159910,화학제품
NEW,160550,방송 컨텐츠 제작
이큐셀,160600,특수 목적용 기계 제조
싸이맥스,160980,특수 목적용 기계 제조
애경케미칼,161000,화학물질 제조
한국타이어앤테크놀로지,161390,고무제품 제조
THE MIDONG,161570,영상 및 음향기기 제조
필옵틱스,161580,특수 목적용 기계 제조
한국콜마,161890,화학제품
루켄테크놀러지스,162120,전기장비 제조
디피코,163430,자동차 차체 제조
동일고무벨트,163560,고무제품 제조
핑거,163730,소프트웨어 개발
이루다,164060,의료기기 제조
하나머티리얼즈,166090,반도체 제조
코아스템,166480,의약품 제조
내츄럴엔도텍,168330,연구개발
한국패러랠,168490,신탁 및 집합투자
엠브레인,169330,시장조사
코스텍시스템,169670,특수 목적용 기계 제조
현대공업,170030,자동차 부품
파이오링크,170790,통신 장비 제조
동아에스티,170900,의약품 제조
엘티씨,170920,화학물질 제조
램테크놀러지,171010,화학물질 제조
선익시스템,171090,특수 목적용 기계 제조
라이온켐텍,171120,화학제품
오파스넷,173130,컴퓨터 시스템 관리
에프엔씨엔터,173940,창작 및 예술관련
장원테크,174880,통신 장비 제조
앱클론,174900,의료용품 제조
인포마크,175140,통신 장비 제조
아이큐어,175250,의약품 제조
JB금융지주,175330,기타 금융
에이치엔티,176440,전자부품 제조
듀켐바이오,176750,의약품 제조
베셀,177350,특수 목적용 기계 제조
파버나인,177830,전자부품 제조
서진시스템,178320,통신 장비 제조
대동고려삼,178600,기타 식품 제조
유테크,178780,상품 종합 도매
PI첨단소재,178920,플라스틱제품 제조
엠아이텍,179290,의료기기 제조
애드바이오텍,179530,의약품 제조
렌딩머신,179720,소프트웨어 개발
유티아이,179900,전자부품 제조
탑선,180060,전기장비 제조
디엑스앤브이엑스,180400,과학기술 서비스
한진칼,180640,항공 여객 운송
이즈미디어,181340,정밀기기 제조
엔에이치엔,181710,소프트웨어 개발
큐브엔터,182360,음반 제작
엔케이맥스,182400,의약물 제조
테라셈,182690,반도체 제조
아세아시멘트,183190,"시멘트, 석회, 플라스터"
코미코,183300,특수 목적용 기계 제조
골프존데카,183410,정밀기기 제조
엔지켐생명과학,183490,의약물 제조
SGA솔루션즈,184230,소프트웨어 개발
수프로,185190,농·축산물 도매
아이진,185490,연구개발
종근당,185750,의약품 제조
그린플러스,186230,1차 비철금속 제조
디티앤씨,187220,과학기술 서비스
신화콘텍,187270,전기 장치 제조
제노포커스,187420,의약물 제조
에이디엠코리아,187660,연구개발
나노,187790,화학물질 제조
디바이스이엔지,187870,특수 목적용 기계 제조
인텔리안테크,189300,통신 장비 제조
씨이랩,189330,소프트웨어 개발
코셋,189350,통신 장비 제조
포시에스,189690,소프트웨어 개발
서전기전,189860,전기 장치 제조
흥국에프엔비,189980,음료 제조
나무가,190510,전자부품 제조
코리아에셋투자증권,190650,금융 지원
육일씨엔에쓰,191410,전자부품 제조
테고사이언스,191420,의약물 제조
블루탑,191600,전자부품 제조
더블유게임즈,192080,소프트웨어 개발
케이사인,192250,소프트웨어 개발
윈하이텍,192390,구조용 금속제품 제조
쿠쿠홀딩스,192400,기타 금융
THQ,192410,통신 장비 제조
슈피겐코리아,192440,기타 제품 제조
드림텍,192650,전자부품 제조
코스맥스,192820,화학제품
와이제이엠게임즈,193250,전자부품 제조
제이에스코퍼레이션,194370,"가죽, 가방 제조"
데브시스터즈,194480,소프트웨어 개발
노바렉스,194700,기타 식품 제조
마니커에프앤지,195500,도축 및 육류 가공
해성디에스,195870,전자부품 제조
HK이노엔,195940,의약품 제조
에이비프로바이오,195990,특수 목적용 기계 제조
알테오젠,196170,연구개발
애니젠,196300,의약물 제조
코아시아옵틱스,196450,광학기기 제조
디에이테크놀로지,196490,특수 목적용 기계 제조
웹스,196700,합성고무 및 플라스틱 제조
디지캡,197140,소프트웨어 개발
엔피디,198080,전자부품 제조
고려시멘트,198440,"시멘트, 석회, 플라스터"
데이터스트림즈,199150,소프트웨어 개발
바이오프로테크,199290,의료기기 제조
툴젠,199800,연구개발
제일전기공업,199820,전기 장치 제조
콜마비앤에이치,200130,의약물 제조
텔콘RF제약,200230,통신 장비 제조
래몽래인,200350,방송 컨텐츠 제작
에이팩트,200470,과학 및 기술 서비스
메디쎄이,200580,의료기기 제조
휴메딕스,200670,의약품 제조
에이디테크놀로지,200710,반도체 제조
비씨월드제약,200780,의약품 제조
서연이화,200880,자동차 부품
미투온,201490,소프트웨어 개발
판도라티비,202960,소프트웨어 개발
에이비온,203400,연구개발
유니온커뮤니티,203450,통신 장비 제조
드림시큐리티,203650,소프트웨어 개발
프로스테믹스,203690,의약물 제조
그리티,204020,의복 제조
모두투어리츠,204210,부동산
제이앤티씨,204270,전자부품 제조
만도,204320,자동차 부품
글로벌텍스프리,204620,금융 지원
스튜디오산타클로스,204630,창작 및 예술관련
지엘팜텍,204840,연구개발
엑셈,205100,소프트웨어 개발
휴마시스,205470,의료용품 제조
액션스퀘어,205500,소프트웨어 개발
베노홀딩스,206400,소프트웨어 개발
덱스터,206560,방송 컨텐츠 제작
바디텍메드,206640,의료용품 제조
유바이오로직스,206650,의약품 제조
볼빅,206950,골프 용품 제조
에이펙스인텍,207490,조명장치
미스터블루,207760,서비스
삼성바이오로직스,207940,의약물 제조
정다운,208140,도축 및 육류 가공
파멥신,208340,의약품 제조
지란지교시큐리티,208350,소프트웨어 개발
셀바스헬스케어,208370,의료기기 제조
썸에이지,208640,소프트웨어 개발
바이오로그디바이스,208710,전자부품 제조
이비테크,208850,전기장비 제조
엔지스테크널러지,208860,소프트웨어 개발
미래엔에듀파트너,208890,교육지원
빅텐츠,210120,방송 컨텐츠 제작
디와이파워,210540,특수 목적용 기계 제조
SK디앤디,210980,부동산
인카금융서비스,211050,보험
AP위성,211270,통신 장비 제조
휴벡셀,212310,의료기기 제조
네오오토,212560,자동차 부품
덕산네오룩스,213420,전자부품 제조
한솔제지,213500,"펄프, 종이 및 판지 제조"
클래시스,214150,의료기기 제조
민앤지,214180,서비스
라파스,214260,화학제품
FSN,214270,소프트웨어 개발
에스엘바이오닉스,214310,반도체 제조
이노션,214320,광고
금호에이치티,214330,자동차 부품
케어젠,214370,의약물 제조
경보제약,214390,의약물 제조
토니모리,214420,화학제품
아이쓰리시스템,214430,전자부품 제조
파마리서치,214450,의료용품 제조
미코바이오메드,214610,의료기기 제조
디알텍,214680,의료기기 제조
뉴지랩파마,214870,기계장비 도매
골프존,215000,소프트웨어 개발
비엔디생활건강,215050,화학제품
휴센텍,215090,정밀기기 제조
로보로보,215100,전기장비 제조
메가스터디교육,215200,교습 학원
우리산업,215360,자동차 부품
우정바이오,215380,연구개발
토박스코리아,215480,의류 소매업
크로넥스,215570,연구개발
신라젠,215600,연구개발
이노인스트루먼트,215790,통신 장비 제조
인크로스,216050,광고
제테마,216080,의료용품 제조
원텍,216280,의료기기 제조
인바이츠바이오코아,216400,연구개발
제너셈,217190,특수 목적용 기계 제조
넵튠,217270,소프트웨어 개발
썬테크,217320,전기 장치 제조
싸이토젠,217330,연구개발
에스디생명공학,217480,화학제품
러셀,217500,특수 목적용 기계 제조
켐온,217600,연구개발
디딤,217620,음식점
강스템바이오텍,217730,의약물 제조
엔에스,217820,특수 목적용 기계 제조
틸론,217880,소프트웨어 개발
에스제이켐,217910,화학물질 제조
파마리서치바이오,217950,의약품 제조
미래생명자원,218150,사료 제조
RFHIC,218410,통신 장비 제조
타이거일렉,219130,전자부품 제조
링크제니시스,219420,소프트웨어 개발
디와이디,219550,생활용품 도매
지티지웰니스,219750,의료기기 제조
퓨쳐켐,220100,의약품 제조
핸디소프트,220180,소프트웨어 개발
켐트로스,220260,화학제품
맘스터치,220630,음·식료품 도매
유투바이오,221800,과학기술 서비스
하이즈항공,221840,항공기 부품 제조
케이디켐,221980,화학제품
코스맥스엔비티,222040,기타 식품 제조
씨아이에스,222080,특수 목적용 기계 제조
팬젠,222110,의약품 제조
바이옵트로,222160,특수 목적용 기계 제조
쎄노텍,222420,비금속 광물 제조
플럼라인생명과학,222670,연구개발
심텍,222800,전자부품 제조
마이더스AI,222810,소프트웨어 개발
한국맥널티,222980,기타 식품 제조
로지스몬,223220,소프트웨어 개발
드림씨아이에스,223250,연구개발
커머스마이너,223310,소프트웨어 개발
에스케이씨에스,224020,플라스틱제품 제조
코디엠,224060,특수 목적용 기계 제조
에이텍티앤,224110,통신 장비 제조
엔에스컴퍼니,224760,토목 건설
엄지하우스,224810,실내 건축
삼양옵틱스,225190,광학기기 제조
제놀루션,225220,의약물 제조
케이엠제약,225430,화학제품
보광산업,225530,비금속 광물 제조
넥슨게임즈,225570,소프트웨어 개발
패션플랫폼,225590,의복 제조
잇츠한불,226320,화학제품
신테카바이오,226330,소프트웨어 개발
본느,226340,화학제품
KH 건설,226360,토목 건설
오스테오닉,226400,의료기기 제조
한송네오텍,226440,특수 목적용 기계 제조
올릭스,226950,연구개발
에이치앤비디자인,227100,전기 장치 제조
도부마스크,227420,섬유제품 제조
아우딘퓨쳐스,227610,화학제품
현대코퍼레이션홀딩스,227840,음·식료품 도매
엔투텍,227950,특수 목적용 기계 제조
동양파일,228340,"시멘트, 석회, 플라스터"
레이,228670,의료기기 제조
지노믹트리,228760,의료용품 제조
레이언스,228850,의료기기 제조
젠큐릭스,229000,의료용품 제조
노브메타파마,229500,연구개발
LS전선아시아,229640,기타 금융
에치에프알,230240,통신 장비 제조
에코마케팅,230360,광고
에이트원,230980,소프트웨어 개발
와이아이케이,232140,특수 목적용 기계 제조
이엠티,232530,배터리 제조
라온테크,232680,특수 목적용 기계 제조
시큐센,232830,소프트웨어 개발
메디안디노스틱,233250,의료용품 제조
질경이,233990,화학제품
에이원알폼,234070,산업용 기계 및 장비 임대
JW생명과학,234080,의약품 제조
폴라리스세원,234100,자동차 부품
에스트래픽,234300,컴퓨터 시스템 관리
세틀뱅크,234340,서비스
녹십자웰빙,234690,의약품 제조
자이글,234920,가정용 기기 제조
메드팩토,235980,연구개발
씨알푸드,236030,곡물가공품 제조
슈프리마,236200,통신 장비 제조
메디젠휴먼케어,236340,연구개발
엔비티,236810,광고
에스티팜,237690,의약품 제조
피앤씨테크,237750,전기 장치 제조
플레이디,237820,광고
클리오,237880,화학제품
앤디포스,238090,플라스틱제품 제조
얼라인드,238120,광학기기 제조
엔에스엠,238170,합성고무 및 플라스틱 제조
비피도,238200,기타 식품 제조
힘스,238490,특수 목적용 기계 제조
로보쓰리,238500,과학 및 기술 서비스
줌인터넷,239340,인터넷 정보매개 서비스
에이치엘사이언스,239610,기타 식품 제조
피엔에이치테크,239890,화학물질 제조
인터코스,240340,화학제품
원익IPS,240810,특수 목적용 기계 제조
DSC인베스트먼트,241520,신탁 및 집합투자
두산밥캣,241560,특수 목적용 기계 제조
화승엔터프라이즈,241590,신발 제조
유니테크노,241690,자동차 부품
코스메카코리아,241710,화학제품
메카로,241770,화학제품
오션브릿지,241790,특수 목적용 기계 제조
피씨엘,241820,의료용품 제조
에이스토리,241840,방송 컨텐츠 제작
나무기술,242040,소프트웨어 개발
피엔아이컴퍼니,242350,방송 컨텐츠 제작
휴온스,243070,의약품 제조
신흥에스이씨,243840,배터리 제조
굿센,243870,컴퓨터 시스템 관리
올리패스,244460,의약물 제조
나눔테크,244880,의료기기 제조
에이플러스에셋,244920,보험
씨앤에스링크,245450,통신 장비 제조
EDGC,245620,연구개발
에스엘에스바이오,246250,과학기술 서비스
TS인베스트먼트,246690,신탁 및 집합투자
티앤알바이오팹,246710,의약물 제조
아스타,246720,의료용품 제조
이노테라피,246960,의료용품 제조
에코프로비엠,247540,배터리 제조
나노씨엠에스,247660,전자부품 제조
젬,248020,조명장치
솔루엠,248070,전자부품 제조
샘표식품,248170,기타 식품 제조
일동제약,249420,의약품 제조
보라티알,250000,음·식료품 도매
진코스텍,250030,화학제품
모비스,250060,컴퓨터 시스템 관리
예선테크,250930,플라스틱제품 제조
바이오에프디엔씨,251120,의약물 제조
넷마블,251270,소프트웨어 개발
안지오랩,251280,연구개발
와이엠티,251370,화학물질 제조
브이원텍,251630,특수 목적용 기계 제조
펌텍코리아,251970,플라스틱제품 제조
세화피앤씨,252500,화학제품
샘씨엔에스,252990,전자부품 제조
스튜디오드래곤,253450,방송 컨텐츠 제작
네오셈,253590,특수 목적용 기계 제조
루트락,253610,전문 도매
수젠텍,253840,의료용품 제조
자비스,254120,특수 목적용 기계 제조
제이엠멀티,254160,목재 가공
SG,255220,비금속 광물 제조
야스,255440,특수 목적용 기계 제조
한독크린텍,256150,일반 목적용 기계 제조
포인트엔지니어링,256630,금속 가공
한국비엔씨,256840,의약물 제조
케이피에스,256940,특수 목적용 기계 제조
명성티엔에스,257370,특수 목적용 기계 제조
실리콘투,257720,상품 종합 도매
나우코스,257990,화학제품
테크트랜스,258050,금속 가공
셀젠텍,258250,소프트웨어 개발
스템랩,258540,연구개발
케일럼,258610,구조용 금속제품 제조
소프트캠프,258790,소프트웨어 개발
세종메디칼,258830,의료기기 제조
엠플러스,259630,특수 목적용 기계 제조
크래프톤,259960,소프트웨어 개발
알리코제약,260660,의료용품 제조
SK시그넷,260870,전기 장치 제조
씨티케이,260930,화학제품
에스앤디,260970,기타 식품 제조
덴티스,261200,의료기기 제조
차백신연구소,261780,연구개발
에이프로,262260,전기장비 제조
아이퀘스트,262840,소프트웨어 개발
디케이앤디,263020,플라스틱제품 제조
유틸렉스,263050,의약물 제조
어스앤에어로스페이스,263540,항공기 부품 제조
덕우전자,263600,전자부품 제조
디알젬,263690,의료기기 제조
케어랩스,263700,소프트웨어 개발
디앤씨미디어,263720,인쇄물 출판
펄어비스,263750,소프트웨어 개발
유에스티,263770,1차 철강
데이타솔루션,263800,기계장비 도매
상신전자,263810,전자부품 제조
지니언스,263860,소프트웨어 개발
휴온스블러썸,263920,기타 제품 제조
유비쿼스,264450,통신 장비 제조
씨앤지하이테크,264660,특수 목적용 기계 제조
이랜시스,264850,전자부품 제조
크라운제과,264900,기타 식품 제조
AP시스템,265520,특수 목적용 기계 제조
영화테크,265560,자동차 부품
엔에프씨,265740,화학제품
뿌리깊은나무들,266170,방송 컨텐츠 제작
바이오인프라생명과학,266470,연구개발
파워풀엑스,266870,생활용품 도매
명진홀딩스,267060,수산물 가공
HD현대,267250,석유 정제품 제조
현대일렉트릭,267260,전기 장치 제조
현대건설기계,267270,일반 목적용 기계 제조
경동도시가스,267290,연료용 가스 제조 및 배관
나인테크,267320,특수 목적용 기계 제조
배럴,267790,의복 제조
앙츠,267810,컴퓨터 및 통신장비 수리
아시아나IDT,267850,컴퓨터 시스템 관리
매일유업,267980,유제품 및 빙과류 제조
미원에스씨,268280,화학물질 제조
셀리버리,268600,연구개발
시스웍,269620,정밀기기 제조
에스알바이오텍,270210,화학제품
지엔원에너지,270520,건축기술
에브리봇,270660,가정용 기기 제조
뉴트리,270870,기타 식품 제조
오리온,271560,기타 식품 제조
다이오진,271850,연구개발
일진하이솔루스,271940,운송장비 제조
제일약품,271980,의약품 제조
케이엔제이,272110,특수 목적용 기계 제조
한화시스템,272210,전자부품 제조
이녹스첨단소재,272290,전자부품 제조
진에어,272450,항공 여객 운송
삼양패키징,272550,플라스틱제품 제조
와이즈버즈,273060,광고
와이엠텍,273640,전기 장치 제조
켄코아에어로스페이스,274090,항공기 부품 제조
에스에스알,275630,소프트웨어 개발
스코넥,276040,소프트웨어 개발
엘리비젼,276240,영상 및 음향기기 제조
제주맥주,276730,알코올 음료
린드먼아시아,277070,신탁 및 집합투자
인산가,277410,기타 식품 제조
레인보우로보틱스,277810,특수 목적용 기계 제조
티에스아이,277880,특수 목적용 기계 제조
천보,278280,화학물질 제조
노터스,278650,연구개발
EMB,278990,전기 장치 제조
이노벡스,279060,전자부품 제조
미디어젠,279600,소프트웨어 개발
롯데제과,280360,기타 식품 제조
바이오시네틱스,281310,연구개발
레이크머티리얼즈,281740,화학제품
케이씨텍,281820,정밀기기 제조
BGF리테일,282330,종합 소매
동아타이어,282690,고무제품 제조
코윈테크,282880,특수 목적용 기계 제조
카이노스메드,284620,연구개발
쿠쿠홈시스,284740,가정용품 임대
SK케미칼,285130,합성고무 및 플라스틱 제조
노바텍,285490,기타 제품 제조
라이프사이언스테크놀로지,285770,소프트웨어 개발
씨엔티드림,286000,화학제품
나노브릭,286750,화학물질 제조
롯데정보통신,286940,컴퓨터 시스템 관리
제이시스메디칼,287410,의료기기 제조
브릿지바이오,288330,의약물 제조
나라소프트,288490,소프트웨어 개발
에스퓨얼셀,288620,전기 장치 제조
모아데이타,288980,소프트웨어 개발
아이스크림에듀,289010,인쇄물 출판
SV인베스트먼트,289080,기타 금융
자이언트스텝,289220,방송 컨텐츠 제작
트윔,290090,소프트웨어 개발
대유에이피,290120,자동차 부품
휴네시온,290270,소프트웨어 개발
대유,290380,농업 제품 제조
코리아센터,290510,소프트웨어 개발
신도기연,290520,특수 목적용 기계 제조
디케이티,290550,전자부품 제조
엘앤씨바이오,290650,의약품 제조
네오펙트,290660,의료기기 제조
대보마그네틱,290670,전기장비 제조
소룩스,290690,조명장치
푸드나무,290720,무점포 소매
액트로,290740,전자부품 제조
엔피,291230,사업지원 서비스
압타머사이언스,291650,연구개발
하나제약,293480,의약품 제조
카카오게임즈,293490,소프트웨어 개발
나우IB,293580,기타 금융
압타바이오,293780,연구개발
신한알파리츠,293940,부동산
이오플로우,294090,의료기기 제조
레몬,294140,화학섬유 제조
쿠콘,294570,서비스
서남,294630,전기장비 제조
HDC현대산업개발,294870,건물 건설
씨에스베어링,297090,일반 목적용 기계 제조
알로이스,297570,통신 장비 제조
HB솔루션,297890,특수 목적용 기계 제조
효성화학,298000,화학물질 제조
효성티앤씨,298020,화학섬유 제조
효성중공업,298040,전기 장치 제조
효성첨단소재,298050,화학섬유 제조
에스씨엠생명과학,298060,의약품 제조
에이비엘바이오,298380,의약물 제조
더네이쳐홀딩스,298540,의복 액세서리 제조
에어부산,298690,항공 여객 운송
다올인베스트먼트,298870,기타 금융
하나기술,299030,특수 목적용 기계 제조
더블유에스아이,299170,생활용품 도매
지앤이헬스케어,299480,섬유제품 제조
셀리드,299660,연구개발
에스엠비나,299670,의복 제조
위지윅스튜디오,299900,방송 컨텐츠 제작
베스파,299910,소프트웨어 개발
플리토,300080,인터넷 정보매개 서비스
라온피플,300120,소프트웨어 개발
한일시멘트,300720,"시멘트, 석회, 플라스터"
바이브컴퍼니,301300,소프트웨어 개발
이노메트리,302430,특수 목적용 기계 제조
SK바이오사이언스,302440,의약물 제조
리메드,302550,의료기기 제조
더콘텐츠온,302920,방송 컨텐츠 제작
지니틱스,303030,반도체 제조
프로테옴텍,303360,의료용품 제조
이노뎁,303530,소프트웨어 개발
솔트룩스,304100,소프트웨어 개발
피플바이오,304840,의료용품 제조
마이크로디지탈,305090,의료기기 제조
에스제이그룹,306040,"가죽, 가방 제조"
세아제강,306200,1차 철강
네온테크,306620,특수 목적용 기계 제조
아이엘사이언스,307180,조명장치
원바이오젠,307280,의료용품 제조
국전약품,307750,의약품 제조
비투엔,307870,소프트웨어 개발
컴퍼니케이,307930,기타 금융
현대오토에버,307950,소프트웨어 개발
바이젠셀,308080,연구개발
까스텔바작,308100,의류 소매업
센트랄모텍,308170,자동차 부품
테크엔,308700,조명장치
티티씨디펜스,309900,과학 및 기술 서비스
오하임아이엔티,309930,생활용품 소매
애니플러스,310200,방송 컨텐츠 제작
디와이씨,310870,자동차 부품
엘에이티,311060,특수 목적용 기계 제조
지오엘리먼트,311320,전자부품 제조
네오크레마,311390,기타 식품 제조
CJ 바이오사이언스,311690,연구개발
에이에프더블류,312610,배터리 제조
윌링스,313760,전기 장치 제조
지놈앤컴퍼니,314130,의약물 제조
바이오다인,314930,의료기기 제조
딥노이드,315640,소프트웨어 개발
우리금융지주,316140,기타 금융
라닉스,317120,반도체 제조
TS트릴리온,317240,화학제품
덕산테코피아,317330,화학제품
자이에스앤디,317400,부동산
캐리소프트,317530,방송 컨텐츠 제작
퀀타매트릭스,317690,의료기기 제조
슈프리마아이디,317770,전자부품 제조
에스피시스템스,317830,특수 목적용 기계 제조
대모,317850,특수 목적용 기계 제조
노드메이슨,317860,화학제품
엔바이오니아,317870,기타 제품 제조
KBG,318000,합성고무 및 플라스틱 제조
팜스빌,318010,기타 식품 제조
포인트모바일,318020,컴퓨터 주변장치 제조
비비씨,318410,기타 제품 제조
타임기술,318660,소프트웨어 개발
현대무벡스,319400,일반 목적용 기계 제조
피에스케이,319660,특수 목적용 기계 제조
윈텍,320000,특수 목적용 기계 제조
프로이천,321260,반도체 제조
티움바이오,321550,연구개발
와이더플래닛,321820,소프트웨어 개발
현대에너지솔루션,322000,반도체 제조
티라유텍,322180,소프트웨어 개발
베른,322190,자동차 차체 제조
오로스테크놀로지,322310,특수 목적용 기계 제조
제이엘케이,322510,소프트웨어 개발
코퍼스코리아,322780,방송 컨텐츠 제작
무진메디,322970,연구개발
엠에프엠코리아,323230,편조의복 제조
신영스팩5호,323280,금융 지원
다원넥스뷰,323350,광학기기 제조
카카오뱅크,323410,은행
박셀바이오,323990,연구개발
에스케이바이오팜,326030,연구개발
RF머트리얼즈,327260,전자부품 제조
펨토바이오메드,327610,연구개발
미래에셋대우스팩3호,328380,금융 지원
오션스톤,329020,음·식료품 도매
현대중공업,329180,선박 건조
위더스제약,330350,의약품 제조
롯데리츠,330590,부동산
스톤브릿지벤처스,330730,기타 금융
네패스아크,330860,과학 및 기술 서비스
케이비제19호스팩,330990,금융 지원
포커스에이치엔에스,331380,영상 및 음향기기 제조
교보9호스팩,331520,금융 지원
한국미라클피플사,331660,화학제품
셀레믹스,331920,의약물 제조
누보,332290,농업 제품 제조
아이디피,332370,컴퓨터 주변장치 제조
와이팜,332570,전자부품 제조
하나금융14호스팩,332710,금융 지원
신한제6호스팩,333050,금융 지원
일승,333430,선박 건조
엔시스,333620,전기장비 제조
이지스밸류플러스리츠,334890,부동산
프레스티지바이오로직스,334970,의약품 제조
프리시젼바이오,335810,의료기기 제조
IBKS제12호스팩,335870,금융 지원
비올,335890,의료기기 제조
타스컴,336040,연구개발
웨이버스,336060,소프트웨어 개발
두산퓨얼셀,336260,전기 장치 제조
솔루스첨단소재,336370,전자부품 제조
대신밸런스제8호스팩,336570,금융 지원
SK5호스팩,337450,금융 지원
유엑스엔,337840,의료기기 제조
브랜드엑스코퍼레이션,337930,서비스
NH프라임리츠,338100,부동산
뷰노,338220,인터넷 정보매개 서비스
교촌에프앤비,339770,음·식료품 도매
아이비김영,339950,교습 학원
하이제5호스팩,340120,금융 지원
SK6호스팩,340350,금융 지원
다보링크,340360,통신 장비 제조
세림B&G,340440,플라스틱제품 제조
티앤엘,340570,의료용품 제조
유일에너테크,340930,특수 목적용 기계 제조
하나금융15호스팩,341160,금융 지원
이앤에치,341310,섬유제품 제조
케이비제20호스팩,342550,금융 지원
HLB사이언스,343090,의료용품 제조
하나금융16호스팩,343510,금융 지원
신영스팩6호,344050,금융 지원
케이씨씨글라스,344820,유리제품 제조
이노진,344860,화학제품
센코,347000,전자부품 제조
케이프이에스제4호,347140,기타 금융
라이프시맨틱스,347700,소프트웨어 개발
피엔케이피부임상연구센타,347740,과학 및 기술 서비스
핌스,347770,전자부품 제조
알체라,347860,소프트웨어 개발
엠투아이,347890,정밀기기 제조
모비릭스,348030,소프트웨어 개발
고바이오랩,348150,연구개발
넥스틴,348210,특수 목적용 기계 제조
위드텍,348350,정밀기기 제조
엔켐,348370,화학물질 제조
데이드림엔터,348840,방송 컨텐츠 제작
제이알글로벌리츠,348950,부동산
이베스트스팩5호,349720,금융 지원
이지스레지던스리츠,350520,부동산
에스에이티이엔지,351320,특수 목적용 기계 제조
이삭엔지니어링,351330,컴퓨터 시스템 관리
IBKS제13호스팩,351340,금융 지원
씨앤씨인터내셔널,352480,화학제품
씨앤투스성진,352700,섬유제품 제조
클리노믹스,352770,의료용품 제조
하이브,352820,음반 제작
오비고,352910,컴퓨터 시스템 관리
인바이오,352940,농업 제품 제조
에이치엠씨제5호스팩,353060,금융 지원
에이치엠씨제4호스팩,353070,금융 지원
휴럼,353190,기타 식품 제조
대덕전자,353200,전자부품 제조
미래에셋대우스팩 5호,353490,금융 지원
오토앤,353590,자동차 부품
이지바이오,353810,사료 제조
엔젠바이오,354200,과학 및 기술 서비스
교보10호기업인수목적,355150,기타 금융
티엘비,356860,전자부품 제조
싸이버원,356890,소프트웨어 개발
코람코에너지리츠,357120,부동산
에이치피오,357230,기타 식품 제조
미래에셋맵스리츠,357250,부동산
석경에이티,357550,화학물질 제조
아모센스,357580,전자부품 제조
솔브레인,357780,화학제품
비트나인,357880,소프트웨어 개발
씨엔알리서치,359090,과학 및 기술 서비스
제노코,361390,통신 장비 제조
알비더블유,361570,음반 제작
SK아이이테크놀로지,361610,배터리 제조
삼영에스앤씨,361670,전자부품 제조
진시스템,363250,의료기기 제조
하나금융17호스팩,363260,금융 지원
티와이홀딩스,363280,기타 금융
큐라클,365270,연구개발
ESR켄달스퀘어리츠,365550,부동산
엔에이치스팩18호,365590,금융 지원
브이씨,365900,골프 용품 제조
공구우먼,366030,의류 소매업
신한제7호스팩,366330,금융 지원
플래티어,367000,소프트웨어 개발
DB금융스팩8호,367340,기타 금융
DB금융스팩9호,367360,금융 지원
유안타제7호스팩,367460,금융 지원
유안타제8호스팩,367480,금융 지원
파이버프로,368770,정밀기기 제조
블리츠웨이,369370,오락용품 제조
퓨런티어,370090,정밀기기 제조
풍원정밀,371950,전자부품 제조
하나머스트7호스팩,372290,금융 지원
아이티아이즈,372800,소프트웨어 개발
한컴라이프케어,372910,의료기기 제조
하인크코리아,373200,기타 제품 제조
LG에너지솔루션,373220,배터리 제조
유진스팩6호,373340,금융 지원
DL이앤씨,375500,토목 건설
피코그램,376180,기타 제품 제조
엘비루셈,376190,반도체 제조
씨유테크,376290,전자부품 제조
디어유,376300,소프트웨어 개발
노을,376930,의료기기 제조
원티드랩,376980,소프트웨어 개발
맥스트,377030,소프트웨어 개발
디앤디플랫폼리츠,377190,부동산
프롬바이오,377220,기타 식품 제조
카카오페이,377300,금융 지원
이지트로닉스,377330,전기 장치 제조
하이제6호스팩,377400,금융 지원
리파인,377450,서비스
마인즈랩,377480,소프트웨어 개발
삼성스팩4호,377630,금융 지원
화승알앤에이,378850,자동차 부품
이성씨엔아이,379390,건축기술
삼성머스트스팩5호,380320,금융 지원
엔에이치스팩19호,380440,금융 지원
케이카,381970,자동차 판매
지아이텍,382480,특수 목적용 기계 제조
지앤비에스엔지니어링,382800,특수 목적용 기계 제조
원준,382840,특수 목적용 기계 제조
F&F,383220,의복 제조
에코프로에이치엔,383310,화학제품
LX홀딩스,383800,기타 금융
한화플러스제2호스팩,386580,금융 지원
대신밸런스제10호스팩,387310,금융 지원
지투파워,388050,전기 장치 제조
하나금융19호스팩,388220,금융 지원
유일로보틱스,388720,특수 목적용 기계 제조
IBKS제16호스팩,388790,금융 지원
유진스팩7호,388800,금융 지원
지니너스,389030,연구개발
포바이포,389140,방송 컨텐츠 제작
엔에이치스팩20호,391060,금융 지원
엔에이치스팩21호,391710,금융 지원
토마토시스템,393210,소프트웨어 개발
신한제8호스팩,393360,금융 지원
SK리츠,395400,부동산
세아메카닉스,396300,금속 가공
미래에셋글로벌리츠,396690,부동산
엔에이치스팩22호,396770,금융 지원
대신밸런스제11호스팩,397500,금융 지원
교보11호스팩,397880,금융 지원
하나금융20호스팩,400560,금융 지원
NH올원리츠,400760,부동산
하이제7호스팩,400840,금융 지원
SK스퀘어,402340,기타 금융
켈스,402420,의료기기 제조
라피치,403360,소프트웨어 개발
디비금융스팩10호,404950,기타 금융
신한서부티엔디리츠,404990,부동산
IBKS제17호스팩,405350,금융 지원
신한제9호스팩,405640,금융 지원
하나금융21호스팩,406760,금융 지원
에스케이증권7호스팩,408920,금융 지원
한국제10호스팩,409570,금융 지원
미래에셋비전스팩1호,412930,금융 지원
키움제6호스팩,413600,금융 지원
유진스팩8호,413630,금융 지원
코람코더원리츠,417310,부동산
신영스팩7호,419270,금융 지원
글로벌에스엠,900070,기타 금융
애머릿지,900100,자동차 부품
이스트아시아홀딩스,900110,기타 금융
씨케이에이치,900120,기타 금융
엘브이엠씨,900140,자동차 판매
크리스탈신소재,900250,기타 금융
로스웰,900260,기타 금융
헝셩그룹,900270,기타 금융
골든센츄리,900280,기타 금융
GRT,900290,기타 금융
오가닉티코스메틱,900300,기타 금융
컬러레이,900310,기타 금융
윙입푸드,900340,기타 금융
SBI핀테크솔루션즈,950110,소프트웨어 개발
엑세스바이오,950130,의료용품 제조
잉글우드랩,950140,화학제품
코오롱티슈진,950160,의약물 제조
JTC,950170,종합 소매
SNK,950180,소프트웨어 개발
미투젠,950190,소프트웨어 개발
소마젠,950200,과학 및 기술 서비스
프레스티지바이오파마,950210,연구개발
네오이뮨텍,950220,연구개발